student_id,age,gender,major,year_in_school,gpa,study_hours_per_day,attendance_rate,sleep_hours_per_night,exercise_days_per_week,screen_time_hours,social_media_hours,caffeine_mg_per_day,stress_level,anxiety_score,depression_score,life_satisfaction,num_clubs,on_campus,has_part_time_job,monthly_spending
STU0118,19.0,Male,Psychology,2.0,2.53,3.3,96.1,9.1,4.0,11.4,2.8,0.0,3.4,3.0,0.0,7.1,1.0,False,No,998.98
STU0133,18.0,Female,Mechanical Engineering,1.0,3.17,6.1,87.1,4.5,1.0,5.4,2.2,90.0,7.8,9.0,9.0,2.5,2.0,True,Yes,666.49
STU0155,21.0,Male,Nursing,2.0,3.47,8.8,81.6,6.5,3.0,6.2,2.2,316.0,3.4,2.0,,9.2,1.0,YES,Yes,1112.27
STU0246,18.0,Female,Business,2.0,3.11,7.6,96.1,7.6,,6.0,1.7,236.0,4.6,5.0,4.0,7.4,3.0,True,Yes,958.16
STU0085,23.0,Female,Computer Science,4.0,2.4,5.5,91.7,8.3,0.0,10.1,2.9,124.0,4.8,5.0,5.0,5.5,3.0,True,No,969.36
STU0347,25.0,FEMALE,Biology,2.0,3.12,6.8,88.6,7.5,4.0,6.3,2.3,126.0,5.8,4.0,13.0,5.0,1.0,False,Yes,1069.36
STU0007,18.0,Male,Economics,3.0,,5.6,85.6,7.7,6.0,9.8,0.3,122.0,2.7,5.0,1.0,10.0,1.0,1,No,1041.07
STU0478,18.0,Male,Economics,2.0,3.44,7.1,76.1,6.2,7.0,10.5,3.3,0.0,5.3,7.0,7.0,4.0,3.0,False,Yes,1083.35
STU0183,21.0,Female,Computer Science,3.0,2.5,6.1,100.0,6.7,6.0,5.8,2.0,207.0,6.7,6.0,2.0,3.6,4.0,YES,No,838.53
STU0056,18.0,Male,Political Science,1.0,,8.5,59.9,5.5,1.0,8.1,2.1,159.0,6.2,9.0,4.0,5.6,5.0,true,Yes,1318.53
STU0105,24.0,female,Psychology,1.0,2.29,6.3,92.9,-3.0,5.0,7.3,2.2,251.0,7.3,6.0,7.0,3.5,1.0,False,,735.49
STU0360,23.0,Male,Art & Design,1.0,2.7,6.1,91.3,8.3,,5.9,2.9,218.0,1.0,0.0,2.0,10.0,5.0,False,Yes,676.56
STU0321,20.0,Female,Computer Science,1.0,3.49,6.6,68.5,7.2,7.0,7.4,3.7,153.0,2.7,2.0,2.0,8.7,5.0,NO,Yes,780.46
STU0250,18.0,Male,Business,1.0,2.43,5.6,78.5,7.2,3.0,11.4,2.9,287.0,5.5,9.0,4.0,4.6,6.0,False,No,
STU0238,21.0,Female,Economics,3.0,3.43,7.8,71.2,7.2,0.0,3.0,0.7,156.0,2.1,0.0,4.0,10.0,4.0,False,No,465.5
STU0469,19.0,Female,Mechanical Engineering,1.0,3.57,9.1,97.7,,1.0,6.5,1.3,183.0,5.3,8.0,7.0,5.0,1.0,False,No,787.82
STU0056,18.0,Male,Political Science,1.0,3.47,8.5,59.9,5.5,1.0,8.1,2.1,159.0,6.2,9.0,4.0,5.6,5.0,True,Yes,1318.53
STU0358,25.0,Male,Biology,4.0,2.91,8.5,93.7,4.5,7.0,6.9,2.7,70.0,5.2,9.0,,4.3,2.0,False,No,1029.66
STU0212,23.0,Female,Nursing,1.0,3.2,9.3,90.8,8.7,5.0,7.7,1.7,192.0,4.9,3.0,,5.5,1.0,True,Yes,893.16
STU0495,20.0,Female,Computer Science,4.0,2.87,5.8,76.7,5.4,4.0,7.3,2.0,282.0,9.4,10.0,7.0,1.1,4.0,False,Yes,965.79
STU0011,22.0,Male,Psychology,2.0,3.71,7.2,80.6,6.5,2.0,6.2,3.7,,4.0,7.0,8.0,8.6,0.0,True,Yes,602.19
STU0405,21.0,Male,Psychology,2.0,2.91,5.3,94.0,6.2,6.0,7.7,3.7,164.0,5.5,5.0,0.0,6.9,2.0,False,No,746.44
STU0149,24.0,Male,Political Science,3.0,3.66,9.0,73.2,8.4,7.0,10.5,3.6,236.0,5.6,9.0,12.0,3.4,1.0,True,Yes,834.55
STU0451,25.0,Prefer not to say,Psychology,3.0,3.22,8.8,86.7,5.3,1.0,8.8,2.1,332.0,9.3,11.0,8.0,1.3,2.0,True,Yes,1493.51
STU0003,23.0,M,Biology,3.0,3.21,5.9,91.4,7.4,5.0,6.2,1.3,184.0,4.3,2.0,4.0,5.0,,True,No,862.47
STU0417,25.0,Non-binary,Psychology,2.0,,7.1,100.0,6.0,5.0,7.0,3.4,301.0,6.5,7.0,,1.2,0.0,False,No,1176.71
STU0504,24.0,male,Art & Design,3.0,2.83,7.2,95.6,6.4,7.0,6.2,0.8,234.0,3.0,5.0,1.0,6.5,5.0,True,No,
STU0186,21.0,Female,Biology,1.0,3.18,9.8,97.0,5.9,3.0,8.4,0.6,85.0,5.4,6.0,2.0,3.6,3.0,True,Yes,1150.51
STU0413,20.0,Prefer not to say,Mechanical Engineering,4.0,2.87,2.2,81.2,7.9,2.0,7.2,2.9,220.0,5.8,8.0,0.0,3.2,6.0,False,Yes,825.08
STU0196,18.0,Male,Political Science,3.0,2.98,7.9,100.0,8.7,7.0,7.5,2.0,,1.4,,4.0,7.4,3.0,True,Yes,619.96
STU0515,25.0,Male,Business,4.0,2.31,3.4,78.9,5.8,0.0,11.2,2.2,270.0,8.2,7.0,5.0,1.0,5.0,True,Yes,850.16
STU0484,24.0,Male,Communications,1.0,3.64,8.6,76.7,8.7,1.0,6.9,3.2,264.0,3.4,0.0,0.0,6.5,5.0,False,Yes,585.67
STU0502,23.0,Male,Business,3.0,,6.6,80.1,7.5,0.0,11.5,4.0,51.0,3.0,4.0,0.0,7.8,4.0,True,,510.15
STU0353,20.0,Prefer not to say,Computer Science,1.0,2.84,5.6,74.6,7.3,4.0,9.7,1.7,82.0,6.3,8.0,,5.7,1.0,False,,1067.33
STU0159,22.0,Male,Mechanical Engineering,4.0,3.75,6.8,75.0,7.1,2.0,9.8,5.4,302.0,5.9,8.0,1.0,3.0,,False,Yes,991.86
STU0230,19.0,Female,Biology,1.0,,8.5,84.4,,7.0,7.0,2.2,269.0,4.5,5.0,,6.4,6.0,False,Yes,1051.93
STU0426,19.0,Male,Computer Science,1.0,2.83,6.7,95.4,6.3,3.0,8.2,2.9,173.0,medium,10.0,15.0,1.9,4.0,YES,No,1162.59
STU0087,18.0,Non-binary,Mechanical Engineering,3.0,,7.1,65.1,6.7,3.0,8.1,3.7,101.0,5.0,7.0,3.0,4.2,2.0,True,Yes,1083.33
STU0078,19.0,Female,Mechanical Engineering,4.0,2.95,6.4,80.9,7.0,2.0,6.8,2.0,155.0,3.4,6.0,1.0,4.9,6.0,False,No,955.12
STU0132,22.0,MALE,Mechanical Engineering,3.0,3.12,10.1,100.0,8.4,1.0,5.8,4.9,214.0,2.4,2.0,0.0,8.0,4.0,False,Yes,1170.36
STU0090,24.0,M,Psychology,1.0,3.24,8.2,77.1,10.2,7.0,8.1,3.0,163.0,1.0,0.0,5.0,9.6,5.0,True,No,200.0
STU0138,18.0,Male,Computer Science,2.0,3.38,5.8,78.5,0.1,4.0,8.5,4.0,111.0,5.5,5.0,0.0,6.2,5.0,True,No,967.26
STU0031,21.0,F,Computer Science,3.0,2.14,5.9,69.5,5.3,4.0,7.2,0.9,120.0,6.6,10.0,2.0,4.5,5.0,True,No,820.14
STU0080,23.0,Non-binary,Biology,2.0,3.34,6.8,74.1,5.5,0.0,11.7,4.7,152.0,6.9,7.0,4.0,3.7,3.0,True,Yes,508.21
STU0076,21.0,Female,Biology,1.0,2.78,4.7,72.2,4.2,1.0,8.3,3.5,215.0,8.1,7.0,4.0,2.2,6.0,True,No,889.73
STU0342,20.0,Female,Computer Science,1.0,3.13,6.4,100.0,5.5,4.0,7.0,1.0,0.0,7.9,8.0,12.0,4.1,2.0,True,,1169.74
STU0010,18.0,Male,Political Science,4.0,3.44,8.1,82.1,,3.0,6.0,1.5,0.0,6.9,8.0,6.0,3.7,4.0,False,Yes,1192.57
STU0395,23.0,Female,Biology,3.0,2.79,3.5,75.4,7.1,0.0,6.1,1.7,174.0,6.9,7.0,6.0,2.9,0.0,True,No,793.27
STU0209,20.0,Male,Business,1.0,2.97,7.4,72.9,7.3,3.0,5.6,3.2,141.0,6.1,5.0,4.0,3.8,2.0,False,Yes,1053.92
STU0074,19.0,Female,Mechanical Engineering,4.0,2.91,5.2,77.2,7.4,4.0,12.2,4.5,215.0,8.0,,12.0,2.8,5.0,False,No,964.48
STU0210,24.0,Female,Economics,3.0,2.71,8.0,80.0,,7.0,13.5,5.1,168.0,8.7,11.0,4.0,4.1,6.0,0,Yes,1029.12
STU0445,22.0,Male,Psychology,3.0,2.36,7.6,78.0,4.5,3.0,11.1,5.1,222.0,8.1,,,2.9,1.0,True,No,892.17
STU0433,24.0,Male,Political Science,3.0,3.32,7.0,65.8,7.3,4.0,3.8,0.4,315.0,2.7,6.0,0.0,7.4,1.0,True,No,951.07
STU0437,22.0,Female,Business,4.0,3.59,5.8,81.5,5.2,,2.1,0.0,129.0,4.0,5.0,8.0,6.8,5.0,True,No,
STU0079,22.0,M,Business,3.0,3.44,9.9,74.0,6.4,1.0,6.0,1.3,213.0,3.7,4.0,0.0,6.2,2.0,False,,978.84
STU0071,24.0,Female,Psychology,1.0,2.08,7.3,85.6,5.3,4.0,9.9,4.3,263.0,7.8,7.0,10.0,3.4,4.0,True,No,738.28
STU0205,21.0,Female,Psychology,4.0,3.34,9.2,57.5,5.8,2.0,7.4,1.0,180.0,3.6,8.0,0.0,5.9,4.0,False,No,1343.59
STU0073,21.0,Female,Economics,2.0,2.54,5.3,83.7,8.8,0.0,4.7,0.0,302.0,3.8,,0.0,6.4,5.0,False,Yes,1213.81
STU0288,22.0,Male,Nursing,3.0,3.24,7.0,91.4,5.7,1.0,6.6,2.2,173.0,8.0,5.0,4.0,2.7,4.0,true,No,896.4
STU0354,21.0,Prefer not to say,Nursing,1.0,3.31,7.7,71.0,10.0,7.0,6.3,4.1,113.0,5.2,8.0,4.0,3.1,4.0,0,No,
STU0245,23.0,Female,Art & Design,2.0,3.34,8.3,78.2,5.2,6.0,5.4,0.9,206.0,6.1,7.0,5.0,6.7,1.0,False,Yes,639.4
STU0173,24.0,Female,Psychology,1.0,2.65,8.0,124.0,7.3,6.0,9.1,3.2,121.0,5.1,5.0,7.0,3.7,5.0,True,No,914.19
STU0102,19.0,man,Political Science,1.0,3.46,6.9,100.0,6.0,0.0,8.1,2.5,308.0,6.5,10.0,4.0,8.2,3.0,True,Yes,1088.2
STU0126,22.0,Prefer not to say,Art & Design,2.0,,3.6,100.0,6.9,,8.7,2.4,14.0,5.9,10.0,,3.5,1.0,True,No,955.67
STU0514,24.0,Female,Business,1.0,3.59,8.2,73.9,7.8,0.0,9.2,4.3,206.0,4.3,8.0,,7.4,4.0,False,No,693.11
STU0493,24.0,Male,Business,1.0,2.99,6.6,90.4,7.1,7.0,7.4,2.3,242.0,4.9,,6.0,6.9,6.0,True,Yes,706.2
STU0141,25.0,Male,Computer Science,1.0,1.58,2.7,69.8,7.5,5.0,7.0,2.6,223.0,8.4,,11.0,3.6,2.0,True,Yes,1133.19
STU0235,21.0,Female,Business,1.0,3.41,6.6,99.1,7.8,3.0,6.4,1.4,317.0,6.6,,6.0,4.6,2.0,False,No,1204.07
STU0077,20.0,Male,Nursing,3.0,3.22,6.7,87.1,4.4,0.0,8.3,3.3,184.0,5.5,,0.0,6.0,2.0,True,No,643.11
STU0427,24.0,Male,Political Science,2.0,3.01,8.7,71.8,7.7,1.0,5.7,1.7,216.0,5.4,,3.0,3.9,3.0,True,Yes,1177.37
STU0168,19.0,F,Economics,1.0,2.49,5.5,79.7,7.6,7.0,7.0,3.3,300.0,3.2,,,9.2,2.0,False,No,775.71
STU0303,18.0,Female,Mechanical Engineering,3.0,3.13,7.4,80.2,8.4,1.0,9.0,4.9,338.0,5.2,4.0,3.0,3.6,5.0,True,,712.69
STU0069,18.0,Female,Computer Science,1.0,2.35,6.3,95.7,,2.0,3.3,2.2,260.0,low,0.0,0.0,9.6,1.0,False,Yes,783.93
STU0091,21.0,Female,Nursing,4.0,3.18,6.1,82.5,7.3,4.0,5.9,0.0,256.0,9.4,11.0,,1.0,5.0,False,No,832.46
STU0064,25.0,Female,Business,1.0,3.84,10.0,72.0,4.6,1.0,6.0,1.4,141.0,6.0,5.0,5.0,5.6,1.0,0,Yes,895.92
STU0341,23.0,Female,Art & Design,3.0,2.97,8.5,72.7,,6.0,6.0,1.9,157.0,1.0,,,6.1,3.0,True,No,679.55
STU0454,18.0,Non-binary,Art & Design,4.0,4.0,8.2,78.2,8.9,7.0,7.0,2.2,214.0,3.2,1.0,4.0,5.0,4.0,True,Yes,697.08
STU0312,23.0,Female,Art & Design,3.0,3.05,5.3,81.5,8.5,5.0,9.0,2.6,165.0,6.7,10.0,10.0,3.7,6.0,True,No,926.16
STU0443,19.0,MALE,Mechanical Engineering,1.0,3.05,6.4,100.0,7.4,7.0,6.1,4.1,264.0,5.5,5.0,9.0,7.1,3.0,True,No,1013.41
STU0034,22.0,Male,Political Science,4.0,3.12,7.2,91.4,7.2,5.0,6.7,1.7,450.0,4.6,7.0,9.0,5.8,2.0,False,No,1169.39
STU0083,19.0,Female,Economics,2.0,3.62,6.8,82.9,7.9,1.0,8.7,4.1,131.0,6.3,8.0,7.0,4.7,1.0,True,Yes,986.17
STU0480,18.0,MALE,Communications,2.0,3.62,7.2,75.0,8.2,6.0,6.6,2.9,353.0,5.8,,4.0,3.8,2.0,False,No,805.08
STU0001,18.0,Male,Psychology,1.0,3.25,8.5,75.6,,2.0,8.6,1.3,326.0,4.7,,,5.8,6.0,True,No,948.86
STU0012,25.0,M,Biology,4.0,3.65,10.8,100.0,7.1,7.0,9.0,2.5,47.0,8.1,7.0,11.0,1.5,1.0,False,No,708.92
STU0453,21.0,Female,Psychology,4.0,3.39,6.7,81.5,6.9,,8.1,2.9,237.0,low,6.0,5.0,4.2,5.0,False,Yes,783.82
STU0023,19.0,Male,Mechanical Engineering,1.0,3.03,7.4,84.8,6.2,1.0,8.2,3.3,141.0,6.2,9.0,5.0,3.4,4.0,True,Yes,525.87
STU0477,24.0,Male,Nursing,3.0,3.06,7.7,85.3,6.4,3.0,8.5,3.9,216.0,high,6.0,4.0,7.3,5.0,False,No,847.42
STU0340,25.0,Female,Mechanical Engineering,3.0,3.34,9.0,74.7,5.2,2.0,7.5,3.0,115.0,7.6,4.0,10.0,4.2,4.0,True,No,1184.11
STU0177,23.0,Male,Nursing,2.0,3.22,6.5,100.0,,6.0,6.1,4.1,362.0,8.5,13.0,,1.0,2.0,no,Yes,
STU0174,23.0,F,Psychology,2.0,2.66,25.0,84.7,7.5,5.0,6.6,3.3,104.0,5.0,6.0,3.0,4.6,2.0,True,Yes,609.9
STU0482,24.0,Male,Business,3.0,3.27,8.0,87.3,,0.0,10.6,3.5,317.0,4.8,6.0,1.0,7.7,1.0,False,,1126.63
STU0248,21.0,Female,Business,3.0,3.16,6.5,100.0,6.9,1.0,6.8,2.9,286.0,4.9,8.0,6.0,6.4,5.0,False,Yes,1125.92
STU0019,24.0,F,Nursing,3.0,4.99,6.7,70.1,5.8,0.0,7.1,2.6,271.0,7.9,11.0,13.0,4.5,3.0,True,No,1063.51
STU0229,22.0,Female,Nursing,1.0,3.23,4.4,76.1,,3.0,7.6,2.1,157.0,7.3,12.0,6.0,2.7,5.0,False,No,834.18
STU0317,23.0,Non-binary,Psychology,1.0,3.41,8.7,74.0,7.1,2.0,7.8,4.1,253.0,4.7,4.0,8.0,6.7,2.0,false,No,732.36
STU0016,24.0,Male,Business,3.0,2.27,6.6,71.0,6.9,5.0,7.3,1.7,117.0,2.3,0.0,0.0,9.4,2.0,True,Yes,721.86
STU0434,19.0,Male,Business,1.0,3.41,10.2,92.5,7.9,6.0,5.6,1.7,85.0,6.4,8.0,8.0,3.3,,NO,No,915.59
STU0040,23.0,Female,Business,2.0,3.19,6.3,72.1,,0.0,4.0,0.6,86.0,2.8,3.0,1.0,8.9,6.0,True,Yes,1228.22
STU0518,18.0,Male,Psychology,2.0,3.7,7.3,59.4,5.2,5.0,9.1,2.4,163.0,6.5,6.0,7.0,5.4,3.0,True,No,1096.31
STU0282,21.0,Female,Art & Design,2.0,2.85,5.2,97.9,8.2,4.0,10.1,4.0,208.0,6.0,7.0,6.0,3.2,,True,Yes,523.76
STU0047,21.0,Male,Political Science,2.0,3.48,7.3,89.6,7.2,0.0,8.2,3.3,186.0,5.0,,3.0,9.2,6.0,yes,No,705.91
STU0094,21.0,Female,Business,1.0,2.91,8.2,67.6,9.1,,11.7,3.8,254.0,7.8,6.0,9.0,4.4,6.0,YES,No,357.19
STU0323,22.0,Male,Economics,4.0,2.7,7.6,94.8,9.1,0.0,8.6,2.9,223.0,4.3,6.0,4.0,6.9,5.0,False,Yes,1247.46
STU0376,18.0,Male,Computer Science,4.0,3.07,7.9,64.9,7.4,4.0,6.2,0.6,53.0,5.4,7.0,5.0,6.7,4.0,True,No,1013.5
STU0369,18.0,Female,Biology,1.0,3.3,5.1,88.8,5.9,5.0,9.0,3.2,253.0,4.8,4.0,2.0,5.6,6.0,False,No,1492.15
STU0425,21.0,Female,Computer Science,2.0,2.69,4.5,68.2,4.7,5.0,7.5,2.7,281.0,8.2,12.0,6.0,3.7,4.0,True,Yes,1370.29
STU0385,18.0,Female,Computer Science,1.0,2.73,6.9,77.0,7.1,6.0,8.1,3.2,,6.0,6.0,6.0,2.7,0.0,False,No,703.41
STU0285,21.0,Male,Business,3.0,2.55,8.0,89.1,6.5,1.0,5.2,3.0,96.0,4.2,1.0,6.0,8.2,2.0,False,Yes,594.92
STU0348,25.0,Male,Nursing,3.0,2.7,4.7,88.7,7.0,3.0,7.0,3.0,233.0,4.0,2.0,2.0,7.0,5.0,False,No,949.32
STU0441,25.0,male,Computer Science,1.0,3.11,6.3,86.1,5.7,5.0,9.5,2.8,186.0,7.1,8.0,5.0,4.2,4.0,True,Yes,661.95
STU0422,23.0,Male,Political Science,1.0,3.01,6.9,95.2,,7.0,8.1,3.0,149.0,3.4,,4.0,5.3,3.0,False,No,628.53
STU0150,18.0,Prefer not to say,Nursing,1.0,3.07,8.1,82.3,7.8,1.0,6.8,2.4,216.0,6.2,7.0,7.0,4.4,,True,No,1147.71
STU0193,22.0,Female,Computer Science,3.0,3.06,8.1,94.7,,5.0,6.1,3.6,191.0,5.2,7.0,2.0,6.6,5.0,True,No,747.66
STU0511,25.0,Male,Biology,1.0,3.28,7.4,85.4,4.0,0.0,5.3,1.7,214.0,6.1,5.0,7.0,4.0,1.0,False,Yes,1438.08
STU0366,22.0,Male,Business,4.0,3.05,5.3,70.2,6.7,6.0,8.5,4.1,144.0,4.4,,0.0,4.6,4.0,True,Yes,1089.63
STU0061,25.0,Non-binary,Computer Science,3.0,3.14,3.7,55.1,7.5,7.0,9.6,4.5,214.0,3.2,3.0,4.0,10.0,2.0,True,No,423.91
STU0239,20.0,Male,Computer Science,4.0,,7.1,81.1,,1.0,8.3,5.1,96.0,7.6,11.0,11.0,3.6,3.0,False,Yes,
STU0408,19.0,Prefer not to say,Communications,2.0,2.17,6.5,62.1,4.7,3.0,7.2,1.7,224.0,4.8,5.0,1.0,7.2,,False,No,654.25
STU0070,21.0,Male,Communications,2.0,2.44,9.5,82.0,5.0,0.0,5.9,2.1,234.0,7.3,6.0,11.0,3.8,5.0,True,,1118.94
STU0377,23.0,Female,Computer Science,3.0,3.47,9.7,72.1,7.6,1.0,10.9,2.2,221.0,8.1,11.0,5.0,2.6,1.0,True,No,517.7
STU0319,25.0,Female,Mechanical Engineering,4.0,3.51,7.0,74.5,7.7,5.0,7.1,2.5,213.0,5.6,,,6.5,1.0,False,Yes,658.04
STU0185,21.0,Male,Communications,3.0,2.81,5.9,78.0,,4.0,7.6,2.9,279.0,3.3,2.0,,5.1,1.0,yes,No,1065.89
STU0466,25.0,Male,Psychology,1.0,3.71,6.9,100.0,6.4,5.0,8.2,2.6,,5.4,,9.0,7.0,4.0,False,No,877.37
STU0154,20.0,Female,Nursing,4.0,5.5,8.8,100.0,,2.0,9.2,3.5,,6.6,6.0,6.0,3.7,5.0,True,No,736.59
STU0447,20.0,Female,Biology,3.0,2.72,7.2,68.9,4.6,5.0,8.2,3.3,163.0,4.6,4.0,5.0,6.1,2.0,False,No,
STU0226,20.0,Male,Business,1.0,2.87,6.2,97.1,,,5.8,3.2,261.0,3.6,,2.0,7.9,6.0,False,No,1018.33
STU0125,24.0,Male,Communications,2.0,2.56,2.4,73.0,7.7,3.0,10.0,5.3,120.0,3.7,8.0,5.0,7.6,6.0,False,No,579.34
STU0374,20.0,Male,Psychology,1.0,2.92,6.5,77.7,6.6,3.0,8.0,3.2,256.0,3.2,3.0,6.0,7.8,2.0,True,Yes,1071.01
STU0375,25.0,Male,Political Science,3.0,3.16,6.0,65.7,6.5,1.0,7.6,2.9,166.0,6.4,10.0,8.0,3.8,5.0,False,Yes,716.37
STU0491,25.0,man,Communications,3.0,3.49,7.7,88.2,6.5,3.0,9.0,3.3,143.0,6.1,8.0,8.0,2.9,0.0,True,No,
STU0156,23.0,Male,Psychology,1.0,2.24,4.5,94.3,5.3,7.0,6.5,0.7,342.0,6.3,,7.0,4.5,4.0,False,Yes,1242.55
STU0424,22.0,Female,Nursing,3.0,2.99,8.2,92.9,7.3,0.0,4.5,0.8,236.0,4.5,5.0,3.0,6.4,3.0,false,No,778.12
STU0355,25.0,Male,Communications,4.0,3.63,11.4,67.7,8.4,3.0,9.5,1.9,187.0,2.6,2.0,7.0,10.0,5.0,False,No,918.34
STU0290,21.0,Male,Business,1.0,2.95,7.3,81.2,6.7,0.0,5.0,2.7,224.0,6.1,6.0,7.0,2.6,0.0,False,Yes,
STU0471,23.0,Male,Computer Science,3.0,2.79,5.3,94.1,3.6,6.0,6.8,1.5,408.0,10.0,15.0,8.0,1.0,6.0,True,No,1117.83
STU0463,23.0,Male,Business,1.0,3.05,7.3,56.7,5.5,,8.1,1.5,119.0,7.3,6.0,6.0,2.0,4.0,false,Yes,1032.25
STU0409,25.0,M,Computer Science,4.0,2.6,7.8,59.9,,7.0,6.9,0.8,128.0,8.6,7.0,7.0,1.8,5.0,True,Yes,626.55
STU0421,25.0,Male,Political Science,1.0,2.17,5.3,88.5,,3.0,9.3,3.7,258.0,6.2,2.0,6.0,1.0,4.0,False,No,643.68
STU0020,21.0,Female,Nursing,4.0,2.17,6.0,87.9,6.4,4.0,5.5,1.7,381.0,4.8,4.0,,5.4,6.0,False,No,1708.98
STU0363,19.0,Prefer not to say,Economics,3.0,3.52,6.2,84.1,6.6,6.0,11.1,3.3,41.0,8.4,9.0,6.0,2.8,6.0,False,Yes,
STU0057,22.0,Male,Nursing,2.0,3.13,7.9,73.9,4.7,4.0,5.2,0.5,48.0,4.5,3.0,10.0,5.9,5.0,False,No,751.45
STU0391,23.0,Male,Business,3.0,3.72,8.2,77.9,8.5,,4.5,0.8,192.0,2.3,0.0,6.0,9.8,0.0,True,No,1027.58
STU0266,22.0,Male,Business,2.0,3.56,8.2,76.4,8.0,1.0,3.1,1.0,32.0,1.2,0.0,0.0,10.0,1.0,YES,No,441.17
STU0362,150.0,FEMALE,Economics,3.0,3.22,7.5,92.4,6.0,4.0,6.0,2.0,181.0,7.5,6.0,10.0,5.2,2.0,True,Yes,833.25
STU0512,23.0,Female,Art & Design,2.0,,10.1,89.0,6.7,6.0,7.4,0.0,202.0,6.3,10.0,5.0,5.6,3.0,True,No,951.01
STU0365,18.0,Prefer not to say,Biology,4.0,3.73,8.7,86.6,,4.0,6.1,2.6,143.0,5.0,4.0,,5.9,6.0,True,Yes,465.24
STU0026,23.0,male,Computer Science,4.0,3.08,28.0,80.0,6.7,0.0,6.3,2.1,163.0,9.2,10.0,,1.3,6.0,True,Yes,966.89
STU0275,21.0,Male,Business,1.0,2.54,6.6,93.6,6.8,0.0,8.9,5.2,244.0,7.3,8.0,3.0,4.0,5.0,True,No,946.33
STU0043,23.0,Female,Business,2.0,3.57,9.0,83.5,6.5,5.0,8.3,3.4,209.0,6.0,6.0,3.0,2.8,2.0,False,Yes,1055.79
STU0333,20.0,Male,Art & Design,3.0,2.58,8.1,80.6,5.5,7.0,7.4,2.9,181.0,7.1,10.0,0.0,2.7,5.0,True,No,761.13
STU0305,22.0,Female,Communications,1.0,2.64,7.6,67.0,5.2,2.0,7.2,2.1,115.0,7.8,9.0,7.0,3.8,0.0,False,No,888.7
STU0294,20.0,Non-binary,Communications,2.0,3.37,7.8,66.5,8.3,6.0,10.6,2.4,175.0,4.9,9.0,4.0,6.8,6.0,0,Yes,381.5
STU0302,24.0,Male,Mechanical Engineering,1.0,3.08,8.7,74.0,6.5,4.0,7.2,1.6,102.0,6.4,6.0,4.0,3.6,2.0,False,No,889.19
STU0127,18.0,Female,Biology,1.0,3.64,7.4,97.2,5.1,1.0,7.9,2.9,,9.5,10.0,,1.7,2.0,False,No,967.71
STU0272,18.0,F,Computer Science,3.0,3.43,7.8,68.1,4.8,,8.1,2.9,72.0,5.3,8.0,3.0,2.4,3.0,False,Yes,993.67
STU0357,19.0,woman,Biology,1.0,4.0,5.7,90.3,6.7,3.0,7.5,3.0,134.0,5.2,6.0,7.0,6.9,1.0,False,No,1074.35
STU0032,19.0,Male,Computer Science,2.0,3.34,4.0,75.2,6.8,,14.4,4.7,173.0,10.0,10.0,,2.8,4.0,True,Yes,1009.79
STU0114,999.0,Male,Computer Science,4.0,4.75,1.9,65.8,6.2,6.0,5.1,1.7,228.0,5.1,3.0,8.0,6.0,0.0,True,No,1091.03
STU0496,21.0,Male,Business,2.0,3.31,9.5,75.9,,6.0,7.9,4.2,1.0,6.6,4.0,3.0,6.8,2.0,True,No,1009.78
STU0372,23.0,Female,Mechanical Engineering,3.0,2.63,5.4,70.2,6.6,5.0,7.4,2.3,238.0,high,,9.0,2.8,2.0,False,No,845.62
STU0483,20.0,Female,Business,1.0,3.22,6.4,81.3,7.0,7.0,8.0,2.8,0.0,3.2,1.0,6.0,10.0,6.0,False,No,927.91
STU0058,19.0,Female,Communications,2.0,2.54,5.8,69.1,5.8,0.0,5.5,0.4,,4.1,4.0,4.0,9.2,,True,No,936.04
STU0228,22.0,Male,Business,2.0,3.32,6.9,71.3,,6.0,6.6,1.7,152.0,8.1,9.0,6.0,2.0,4.0,True,No,534.8
STU0025,24.0,Female,Computer Science,2.0,2.88,6.1,82.9,7.0,5.0,5.4,2.0,365.0,6.4,9.0,8.0,4.8,1.0,True,No,614.94
STU0018,19.0,Female,Psychology,1.0,3.24,9.2,93.6,,0.0,6.9,1.6,81.0,6.3,5.0,,5.3,2.0,False,Yes,803.41
STU0211,20.0,Male,Art & Design,1.0,2.96,8.0,82.2,6.0,1.0,6.1,2.3,135.0,6.7,10.0,10.0,3.0,5.0,False,No,808.75
STU0067,25.0,Female,Business,1.0,3.11,5.4,92.7,7.8,7.0,8.3,3.6,110.0,5.3,4.0,2.0,5.4,4.0,False,No,
STU0223,23.0,Female,Computer Science,4.0,,9.0,80.8,,2.0,10.6,5.7,174.0,9.8,9.0,9.0,2.3,2.0,False,Yes,1154.97
STU0407,21.0,Female,Business,1.0,3.22,5.4,83.0,5.9,0.0,9.1,3.9,202.0,9.1,10.0,9.0,4.6,4.0,True,Yes,
STU0438,25.0,F,Political Science,1.0,3.75,10.6,65.1,7.3,5.0,10.0,4.4,250.0,9.1,10.0,10.0,1.0,1.0,True,Yes,1309.57
STU0178,19.0,Female,Biology,4.0,2.21,5.8,81.3,6.0,0.0,6.1,1.5,107.0,7.2,6.0,3.0,2.9,6.0,False,Yes,778.49
STU0095,25.0,Female,Nursing,4.0,3.22,7.0,88.5,7.8,,10.3,3.8,275.0,6.2,7.0,8.0,6.8,4.0,False,No,688.21
STU0181,25.0,Female,Political Science,2.0,2.59,6.0,72.8,6.4,5.0,6.6,2.4,215.0,6.5,8.0,3.0,5.7,0.0,True,Yes,200.0
STU0401,25.0,MALE,Nursing,4.0,,8.4,87.6,6.3,0.0,7.0,3.6,,5.0,6.0,2.0,7.5,1.0,1,No,560.0
STU0024,25.0,Male,Political Science,3.0,6.0,9.7,96.4,5.6,7.0,7.4,2.1,94.0,7.8,9.0,3.0,3.0,4.0,False,No,768.69
STU0262,19.0,Male,Art & Design,3.0,2.87,3.3,81.9,6.3,5.0,6.3,0.7,296.0,3.9,5.0,,6.8,2.0,False,No,849.27
STU0350,19.0,male,Communications,4.0,3.09,9.0,74.3,5.5,7.0,7.9,2.1,111.0,5.6,6.0,5.0,5.4,0.0,False,Yes,806.45
STU0508,19.0,Male,Business,2.0,3.65,9.2,84.0,,0.0,5.5,2.4,150.0,4.2,4.0,3.0,6.1,6.0,True,No,1252.41
STU0006,24.0,Male,Business,4.0,3.5,6.9,63.5,,7.0,6.3,1.0,101.0,medium,4.0,0.0,8.7,4.0,True,No,1144.31
STU0117,18.0,Non-binary,Business,2.0,2.71,8.5,92.4,7.6,2.0,8.3,3.7,44.0,5.5,3.0,0.0,7.4,1.0,False,No,1120.8
STU0046,25.0,Female,Computer Science,3.0,2.05,7.2,64.4,7.1,3.0,6.4,3.6,264.0,5.3,5.0,6.0,4.8,4.0,True,No,1114.95
STU0479,23.0,man,Political Science,2.0,,4.5,88.6,6.5,7.0,4.1,1.2,241.0,1.1,1.0,0.0,9.1,1.0,False,Yes,778.74
STU0300,18.0,Female,Business,1.0,3.13,4.5,85.4,6.6,2.0,4.1,2.5,,6.4,6.0,5.0,7.2,0.0,true,No,939.14
STU0017,22.0,Male,Computer Science,3.0,3.1,7.3,93.8,7.3,0.0,9.5,3.3,10.0,8.8,13.0,11.0,1.0,6.0,False,No,874.38
STU0506,21.0,Male,Communications,3.0,3.72,7.6,62.7,5.1,1.0,10.8,3.5,164.0,7.4,6.0,2.0,2.1,0.0,1,No,345.33
STU0456,22.0,Male,Computer Science,3.0,3.34,7.9,95.0,6.2,2.0,7.7,4.0,66.0,4.4,5.0,6.0,4.3,6.0,True,No,882.51
STU0004,21.0,Male,Political Science,1.0,2.54,5.1,91.0,5.5,0.0,8.6,1.8,302.0,5.6,6.0,3.0,4.4,2.0,False,No,
STU0473,21.0,Male,Computer Science,3.0,2.73,8.8,94.9,7.0,7.0,7.8,3.8,240.0,9.1,5.0,7.0,1.0,4.0,False,No,344.82
STU0299,20.0,Female,Art & Design,4.0,2.97,7.7,91.4,6.6,1.0,7.4,4.1,297.0,5.2,4.0,4.0,6.7,1.0,False,No,1026.62
STU0061,25.0,Non-binary,Computer Science,3.0,3.14,3.7,55.1,7.5,7.0,9.6,4.5,214.0,3.2,3.0,4.0,10.0,2.0,True,No,423.91
STU0111,20.0,F,Business,4.0,3.23,4.6,92.8,6.4,2.0,10.7,3.5,,5.8,10.0,5.0,3.4,0.0,False,Yes,
STU0349,19.0,Female,Art & Design,4.0,3.13,5.5,122.0,6.3,5.0,6.3,3.3,245.0,6.6,7.0,10.0,6.4,6.0,False,No,680.8
STU0461,23.0,Female,Mechanical Engineering,2.0,2.58,4.1,68.4,6.6,2.0,7.3,2.9,263.0,5.8,8.0,5.0,5.6,5.0,True,No,942.55
STU0030,21.0,Male,Communications,1.0,3.15,3.4,74.0,7.4,2.0,8.1,1.9,,2.1,1.0,0.0,7.3,5.0,False,No,
STU0219,21.0,Female,Communications,1.0,3.58,9.0,86.3,4.8,2.0,8.6,2.3,180.0,7.9,6.0,5.0,4.8,3.0,True,No,791.87
STU0197,20.0,Prefer not to say,Biology,4.0,2.95,5.6,77.8,6.6,6.0,8.0,2.4,73.0,4.9,8.0,1.0,6.8,6.0,yes,No,
STU0027,21.0,Male,Nursing,2.0,3.32,9.2,95.2,4.1,0.0,10.3,2.7,370.0,9.3,,14.0,4.2,0.0,False,No,963.01
STU0008,23.0,man,Business,3.0,1.88,0.5,90.1,8.8,2.0,9.4,2.3,,4.9,,5.0,6.2,3.0,YES,Yes,1290.84
STU0182,19.0,man,Biology,1.0,3.55,4.6,67.5,7.3,,4.4,1.1,216.0,5.3,10.0,4.0,4.3,4.0,False,No,739.3
STU0494,22.0,Female,Political Science,3.0,2.18,4.4,69.9,7.1,4.0,8.6,2.9,337.0,4.4,4.0,4.0,3.5,2.0,True,Yes,
STU0109,21.0,Male,Psychology,4.0,3.15,5.9,74.3,6.4,5.0,10.9,4.6,46.0,8.3,11.0,8.0,2.0,3.0,True,,753.53
STU0038,24.0,Female,Political Science,3.0,3.24,7.5,98.4,5.0,2.0,11.5,4.8,180.0,7.9,10.0,9.0,4.0,0.0,true,Yes,1079.52
STU0158,22.0,Female,Computer Science,2.0,2.67,6.9,81.6,6.5,,8.2,2.9,152.0,10.0,11.0,9.0,1.3,2.0,True,No,627.54
STU0510,19.0,Female,Political Science,1.0,3.33,6.0,92.9,6.9,1.0,8.7,3.5,195.0,3.7,6.0,1.0,8.1,6.0,true,Yes,1010.9
STU0119,19.0,Male,Psychology,4.0,2.02,2.8,94.7,7.7,4.0,6.2,1.1,247.0,3.0,6.0,2.0,8.8,4.0,True,Yes,745.83
STU0115,22.0,Male,Nursing,1.0,3.37,6.6,78.3,,3.0,6.1,2.0,91.0,6.0,,6.0,5.8,3.0,True,Yes,401.96
STU0339,19.0,Prefer not to say,Business,1.0,3.2,7.1,80.4,4.5,2.0,10.3,3.3,91.0,6.9,10.0,7.0,6.0,2.0,True,Yes,1039.83
STU0204,23.0,man,Biology,2.0,,7.5,86.5,7.8,2.0,8.0,2.0,106.0,4.6,,,7.5,2.0,False,Yes,880.18
STU0176,21.0,Male,Mechanical Engineering,2.0,3.13,6.2,89.7,7.4,4.0,10.9,2.5,327.0,7.7,,7.0,2.9,5.0,0,Yes,1300.87
STU0221,19.0,Male,Computer Science,2.0,3.3,6.4,87.8,6.5,1.0,11.2,3.6,,8.7,13.0,4.0,1.0,6.0,True,Yes,1174.33
STU0396,24.0,Male,Nursing,2.0,2.67,4.2,82.5,5.9,3.0,10.7,1.1,330.0,8.5,9.0,7.0,2.5,0.0,False,No,1037.24
STU0145,25.0,Prefer not to say,Psychology,1.0,2.37,5.4,100.0,6.8,7.0,5.9,1.8,189.0,5.7,3.0,4.0,5.0,0.0,False,Yes,900.88
STU0195,25.0,Male,Business,2.0,,7.6,90.9,6.7,5.0,7.5,3.4,173.0,4.2,,1.0,7.1,0.0,True,No,902.1
STU0403,20.0,Male,Computer Science,2.0,3.35,7.6,96.5,8.7,0.0,10.0,4.8,230.0,low,9.0,10.0,3.4,2.0,True,,631.39
STU0415,18.0,Female,Mechanical Engineering,2.0,3.37,7.2,64.6,8.4,3.0,9.6,1.2,110.0,4.1,6.0,4.0,7.6,6.0,True,Yes,564.32
STU0232,24.0,Female,Political Science,1.0,3.05,6.7,116.0,7.7,5.0,9.7,4.0,120.0,4.7,6.0,0.0,6.1,4.0,True,No,669.78
STU0509,20.0,Male,Biology,2.0,3.24,5.7,91.3,9.0,5.0,13.0,4.0,181.0,1.4,1.0,,9.6,5.0,True,No,820.73
STU0256,19.0,Male,Art & Design,3.0,3.75,5.5,92.3,6.7,,9.4,3.0,284.0,4.2,8.0,5.0,7.3,2.0,True,Yes,405.58
STU0488,22.0,Male,Communications,3.0,3.17,7.8,93.3,6.7,3.0,8.2,2.7,284.0,4.7,4.0,,8.0,0.0,True,Yes,200.0
STU0142,19.0,Non-binary,Economics,1.0,,4.9,88.4,4.2,2.0,6.6,0.0,99.0,7.0,,12.0,4.9,6.0,False,,1080.77
STU0399,20.0,Female,Psychology,4.0,2.49,5.2,69.7,6.4,3.0,5.7,2.8,210.0,3.0,2.0,,7.7,2.0,True,No,660.2
STU0068,20.0,Female,Nursing,1.0,3.54,7.1,91.0,5.9,5.0,8.2,2.8,288.0,8.2,,7.0,2.4,0.0,True,,508.28
STU0249,24.0,Female,Nursing,2.0,3.07,8.0,84.0,,6.0,6.6,2.8,21.0,7.0,9.0,4.0,1.0,3.0,True,No,
STU0169,20.0,Male,Mechanical Engineering,3.0,2.01,3.1,85.1,,,6.7,1.9,6.0,6.6,,6.0,3.3,3.0,True,No,501.98
STU0189,19.0,Male,Political Science,4.0,2.98,6.6,63.4,4.9,7.0,10.9,4.4,208.0,8.9,10.0,5.0,1.7,3.0,True,No,494.19
STU0292,20.0,Male,Art & Design,1.0,3.58,7.9,91.1,6.9,6.0,6.6,3.1,60.0,2.6,2.0,0.0,9.0,5.0,False,No,
STU0430,23.0,Female,Biology,2.0,3.64,7.0,87.8,6.7,4.0,8.9,3.1,272.0,5.4,,,5.9,4.0,False,Yes,999.45
STU0251,19.0,MALE,Political Science,1.0,2.36,4.8,82.0,9.2,3.0,8.2,2.3,152.0,3.4,,0.0,9.0,,False,No,428.07
STU0194,20.0,Male,Mechanical Engineering,3.0,2.88,8.6,78.8,5.0,1.0,6.3,1.6,0.0,7.5,6.0,8.0,3.8,3.0,False,Yes,841.62
STU0082,21.0,Non-binary,Nursing,1.0,3.02,7.5,93.7,6.9,1.0,9.1,2.6,37.0,7.4,4.0,6.0,6.0,2.0,False,Yes,820.61
STU0110,23.0,Female,Nursing,3.0,2.1,3.8,73.9,8.1,5.0,6.7,2.3,202.0,4.6,4.0,2.0,4.9,0.0,False,No,824.16
STU0276,21.0,Male,Art & Design,1.0,3.48,11.0,96.9,7.6,2.0,6.7,3.6,124.0,1.6,0.0,3.0,8.3,1.0,True,No,833.5
STU0146,24.0,Female,Psychology,3.0,,6.0,66.8,,,9.5,4.0,312.0,5.3,2.0,5.0,4.6,4.0,True,No,723.1
STU0093,24.0,Female,Communications,1.0,3.44,8.5,82.2,7.4,5.0,8.6,3.0,251.0,4.1,6.0,3.0,9.1,5.0,True,No,949.44
STU0153,25.0,Male,Business,4.0,2.59,5.3,73.8,,3.0,6.6,1.4,269.0,4.7,6.0,9.0,6.4,3.0,False,Yes,433.07
STU0258,18.0,Female,Business,2.0,3.43,6.8,63.1,9.0,0.0,7.1,4.1,183.0,4.9,5.0,1.0,7.5,0.0,NO,No,889.93
STU0429,18.0,Female,Psychology,1.0,3.4,7.7,85.1,7.5,5.0,5.3,1.9,104.0,5.4,8.0,15.0,5.7,1.0,True,Yes,744.34
STU0273,19.0,Male,Business,3.0,3.35,8.0,71.1,8.6,2.0,8.4,3.0,164.0,5.2,5.0,3.0,5.0,5.0,True,Yes,821.53
STU0389,25.0,Female,Economics,3.0,3.42,6.4,95.3,,5.0,8.0,1.6,231.0,4.1,1.0,3.0,6.5,5.0,True,No,800.94
STU0084,24.0,FEMALE,Political Science,4.0,3.3,7.3,71.6,7.0,3.0,5.5,1.0,364.0,6.0,13.0,3.0,5.3,6.0,True,Yes,1057.84
STU0104,18.0,Male,Biology,2.0,3.81,7.2,69.8,6.5,3.0,7.2,0.3,313.0,6.8,6.0,3.0,7.2,6.0,True,No,646.5
STU0166,24.0,Female,Psychology,3.0,,3.8,80.9,,3.0,6.7,1.5,277.0,2.0,2.0,4.0,9.0,6.0,False,Yes,
STU0164,21.0,Male,Biology,2.0,2.76,3.5,74.7,6.5,5.0,11.2,3.8,164.0,5.1,,4.0,6.5,1.0,True,Yes,358.64
STU0200,0.0,Female,Psychology,3.0,2.43,7.3,93.8,7.4,2.0,2.7,0.0,177.0,very high,8.0,13.0,6.3,5.0,False,No,645.67
STU0452,25.0,Female,Political Science,1.0,3.18,8.6,50.0,6.4,5.0,6.0,1.5,,6.3,6.0,6.0,5.5,4.0,False,No,1044.48
STU0075,23.0,Male,Psychology,4.0,3.43,8.7,78.0,6.8,1.0,7.4,3.3,271.0,5.8,,4.0,5.1,3.0,yes,No,659.98
STU0337,25.0,Female,Computer Science,2.0,3.35,5.8,112.0,7.4,2.0,8.3,2.5,352.0,4.6,7.0,6.0,5.4,1.0,1,No,332.83
STU0269,22.0,Female,Mechanical Engineering,2.0,2.72,8.7,75.7,24.0,1.0,6.6,2.6,157.0,5.0,5.0,10.0,5.2,5.0,True,Yes,849.19
STU0513,24.0,Female,Political Science,3.0,4.0,5.6,82.8,10.1,6.0,7.6,2.2,156.0,1.0,0.0,3.0,6.9,5.0,False,No,658.7
STU0120,18.0,Female,Political Science,4.0,2.97,8.3,72.9,-1.0,1.0,9.3,1.5,112.0,6.6,4.0,2.0,5.3,6.0,True,No,614.13
STU0306,19.0,Female,Nursing,1.0,3.3,6.4,86.0,4.9,5.0,5.8,1.3,231.0,7.1,4.0,4.0,4.6,1.0,True,No,732.22
STU0326,19.0,Female,Nursing,3.0,-1.0,-2.0,79.7,6.8,7.0,9.2,5.3,84.0,4.8,2.0,1.0,6.4,5.0,False,Yes,886.47
STU0278,24.0,Male,Psychology,4.0,,10.1,93.2,6.1,4.0,8.7,2.1,189.0,4.5,,6.0,5.3,6.0,True,No,860.5
STU0387,18.0,Male,Economics,2.0,2.63,5.7,96.0,7.6,1.0,6.5,1.4,100.0,3.4,5.0,0.0,9.6,1.0,True,Yes,1359.99
STU0398,19.0,Male,Business,3.0,2.95,6.5,90.4,10.2,,5.5,1.7,,3.4,4.0,4.0,5.1,5.0,False,No,1354.53
STU0398,19.0,Male,Business,3.0,2.95,6.5,90.4,10.2,3.0,5.5,1.7,269.0,3.4,4.0,,5.1,5.0,False,No,1354.53
STU0279,18.0,Male,Political Science,4.0,4.0,8.8,72.6,6.2,7.0,4.2,1.0,271.0,5.9,12.0,3.0,4.0,4.0,True,No,817.62
STU0442,20.0,Male,Psychology,1.0,3.11,5.5,74.2,5.7,0.0,6.1,2.1,195.0,4.9,5.0,6.0,8.0,2.0,False,No,437.3
STU0322,18.0,Female,Business,2.0,3.54,7.7,97.2,6.5,5.0,4.2,0.6,137.0,5.6,5.0,10.0,6.4,1.0,True,Yes,697.18
STU0418,18.0,Female,Art & Design,3.0,2.6,5.9,121.0,6.6,4.0,7.9,1.7,71.0,6.3,7.0,3.0,6.8,5.0,False,No,982.64
STU0298,21.0,female,Biology,1.0,2.11,5.8,100.0,6.0,1.0,8.0,3.1,177.0,5.5,6.0,,6.1,3.0,False,Yes,1269.35
STU0037,24.0,Prefer not to say,Mechanical Engineering,1.0,,2.8,99.2,5.0,7.0,7.7,4.0,235.0,8.7,10.0,,1.5,2.0,False,Yes,683.72
STU0140,21.0,Male,Political Science,4.0,3.7,7.6,56.5,5.2,4.0,10.4,5.3,339.0,5.3,,9.0,6.7,4.0,False,Yes,756.46
STU0254,20.0,male,Mechanical Engineering,2.0,3.2,4.5,100.0,5.8,3.0,6.3,1.9,,4.4,,5.0,2.1,0.0,False,,512.51
STU0520,22.0,Female,Business,3.0,3.68,7.9,82.7,6.9,6.0,5.4,0.6,227.0,4.0,7.0,,5.2,1.0,True,No,438.28
STU0060,23.0,Non-binary,Biology,1.0,3.39,5.6,83.4,7.5,1.0,8.5,2.4,60.0,2.9,4.0,0.0,9.7,0.0,False,Yes,702.6
STU0112,24.0,man,Communications,4.0,2.57,6.4,91.6,6.3,2.0,8.6,2.9,261.0,3.3,2.0,0.0,8.7,2.0,True,No,387.01
STU0287,19.0,Male,Business,2.0,3.96,9.9,75.7,,5.0,7.6,0.9,127.0,4.1,4.0,3.0,8.1,4.0,False,Yes,1033.51
STU0291,24.0,Female,Mechanical Engineering,1.0,5.2,8.2,82.5,9.2,5.0,7.4,2.3,179.0,3.9,4.0,0.0,3.1,3.0,True,No,1008.95
STU0263,20.0,Male,Art & Design,4.0,3.6,9.0,61.3,6.1,3.0,5.2,0.7,132.0,4.4,4.0,0.0,4.7,,false,No,
STU0394,22.0,Male,Nursing,3.0,2.73,8.1,94.3,7.1,0.0,9.1,2.1,72.0,7.5,9.0,,4.0,3.0,True,No,768.54
STU0151,24.0,Female,Business,4.0,2.5,9.7,62.8,8.1,7.0,8.1,2.5,111.0,low,4.0,3.0,7.1,4.0,False,No,758.7
STU0267,21.0,Non-binary,Psychology,1.0,3.43,7.5,68.7,9.7,7.0,4.5,2.2,235.0,1.0,1.0,3.0,9.6,2.0,True,Yes,569.95
STU0416,23.0,Male,Psychology,3.0,3.46,7.5,76.6,6.5,3.0,5.1,3.2,226.0,2.4,0.0,4.0,10.0,1.0,False,No,530.4
STU0039,20.0,Female,Art & Design,4.0,3.1,6.8,84.9,6.1,2.0,7.3,4.4,,5.6,,5.0,8.2,2.0,False,Yes,1076.18
STU0343,22.0,Non-binary,Economics,2.0,3.15,6.7,78.8,7.5,2.0,4.8,2.7,161.0,4.9,8.0,6.0,5.3,4.0,True,No,
STU0199,20.0,Female,Political Science,2.0,3.95,7.3,83.4,7.2,4.0,8.2,4.1,225.0,5.6,5.0,5.0,5.2,1.0,False,No,
STU0281,20.0,Prefer not to say,Communications,4.0,3.39,8.0,68.4,7.8,2.0,7.9,2.0,44.0,1.1,3.0,0.0,10.0,4.0,True,No,
STU0147,18.0,Male,Psychology,4.0,3.61,8.7,81.7,,2.0,4.0,0.6,113.0,3.7,5.0,0.0,5.7,0.0,False,Yes,1439.45
STU0212,23.0,Female,Nursing,1.0,3.2,9.3,90.8,8.7,,7.7,1.7,192.0,4.9,3.0,0.0,5.5,,True,Yes,893.16
STU0148,19.0,Female,Economics,2.0,2.14,3.7,85.7,8.0,5.0,9.7,2.1,176.0,low,2.0,9.0,3.6,2.0,True,Yes,908.42
STU0335,21.0,Male,Communications,4.0,3.21,7.0,84.9,7.0,4.0,7.7,2.0,253.0,1.0,2.0,0.0,9.3,6.0,False,No,1589.77
STU0311,23.0,Male,Psychology,1.0,3.49,6.2,88.7,5.0,,9.8,3.8,230.0,5.6,9.0,5.0,3.9,0.0,True,Yes,747.59
STU0124,21.0,Female,Biology,2.0,2.88,7.4,77.2,6.5,1.0,10.3,2.2,233.0,7.7,10.0,4.0,3.4,6.0,False,No,804.97
STU0450,20.0,Female,Computer Science,2.0,4.8,7.4,76.1,9.0,,5.0,1.1,150.0,3.5,5.0,0.0,6.4,2.0,False,Yes,752.91
STU0097,19.0,Female,Business,2.0,2.82,7.4,100.0,8.5,,7.5,2.3,472.0,3.3,6.0,6.0,8.7,5.0,False,No,
STU0144,21.0,Male,Political Science,1.0,2.94,8.1,84.2,,3.0,3.8,2.0,398.0,4.4,1.0,0.0,5.3,5.0,YES,No,
STU0240,23.0,Female,Biology,2.0,3.9,8.0,76.6,6.1,6.0,8.5,3.1,156.0,7.8,8.0,9.0,4.4,,True,No,835.27
STU0297,24.0,Male,Political Science,1.0,2.4,8.9,96.6,8.2,1.0,6.4,3.4,,2.6,3.0,0.0,7.7,4.0,True,No,1392.53
STU0098,23.0,Female,Business,4.0,2.79,3.8,82.0,6.4,1.0,9.3,2.2,275.0,8.3,7.0,5.0,2.0,4.0,True,No,952.31
STU0465,18.0,Male,Business,1.0,2.95,7.9,77.2,6.7,7.0,9.6,3.9,249.0,6.8,8.0,11.0,5.4,1.0,True,No,393.02
STU0383,25.0,Male,Economics,3.0,,6.9,79.5,,0.0,6.0,0.7,176.0,2.4,6.0,,10.0,6.0,YES,No,590.58
STU0123,23.0,Female,Computer Science,2.0,3.33,6.3,99.1,5.7,6.0,5.6,2.5,124.0,5.6,6.0,,2.2,0.0,True,Yes,873.95
STU0184,23.0,Male,Computer Science,1.0,2.96,7.8,91.8,6.8,6.0,10.1,3.5,,4.8,6.0,7.0,7.6,2.0,True,Yes,684.73
STU0203,21.0,Non-binary,Nursing,2.0,3.21,3.8,103.0,6.4,2.0,7.6,1.6,269.0,7.0,8.0,8.0,6.2,0.0,False,Yes,958.12
STU0247,24.0,Male,Communications,1.0,,6.8,84.4,9.3,7.0,9.2,4.2,219.0,4.1,6.0,3.0,5.4,4.0,True,No,770.67
STU0334,24.0,FEMALE,Communications,3.0,2.7,4.9,100.0,4.7,6.0,5.5,1.4,308.0,6.5,8.0,,4.0,1.0,NO,No,707.82
STU0324,25.0,Male,Economics,1.0,2.2,4.1,88.4,5.7,5.0,8.3,1.1,145.0,5.4,6.0,4.0,6.6,1.0,True,No,953.81
STU0384,19.0,Male,Psychology,2.0,3.44,4.8,94.3,7.3,6.0,5.6,3.6,195.0,7.1,,5.0,3.1,6.0,True,No,
STU0411,19.0,man,Biology,3.0,3.11,6.6,74.9,6.4,3.0,5.4,1.9,326.0,3.4,6.0,,7.1,4.0,True,Yes,1098.21
STU0432,23.0,Female,Economics,1.0,2.87,5.1,71.9,7.9,2.0,8.0,3.6,224.0,3.4,2.0,6.0,9.0,6.0,YES,Yes,1257.57
STU0308,22.0,Male,Nursing,1.0,2.52,5.7,90.3,6.7,7.0,8.1,1.2,295.0,5.9,8.0,7.0,5.6,6.0,True,No,366.01
STU0126,22.0,Prefer not to say,Art & Design,2.0,2.82,3.6,100.0,6.9,1.0,8.7,2.4,14.0,5.9,,,3.5,1.0,True,No,955.67
STU0330,22.0,Male,Psychology,2.0,2.96,5.8,77.2,6.6,2.0,5.6,1.0,91.0,2.5,3.0,0.0,9.1,4.0,True,Yes,538.3
STU0224,19.0,Male,Psychology,3.0,2.83,7.2,72.0,7.5,7.0,9.5,1.6,124.0,7.0,7.0,7.0,1.7,5.0,False,No,708.67
STU0468,22.0,Male,Psychology,1.0,2.4,4.8,75.3,6.5,7.0,2.6,3.2,171.0,1.0,1.0,1.0,10.0,3.0,False,No,1023.34
STU0220,25.0,M,Business,1.0,3.14,7.1,95.1,7.9,6.0,4.0,1.4,340.0,2.9,2.0,3.0,8.1,,True,No,810.2
STU0130,23.0,Female,Business,2.0,3.41,7.6,80.4,7.4,2.0,8.8,2.5,358.0,5.6,8.0,5.0,6.4,5.0,True,No,1269.81
STU0457,19.0,Female,Psychology,1.0,2.56,5.3,78.1,8.7,5.0,1.4,0.0,161.0,3.2,2.0,5.0,8.2,6.0,True,No,745.23
STU0313,18.0,Female,Business,3.0,2.87,6.2,87.0,6.3,3.0,4.7,1.4,84.0,medium,10.0,2.0,6.3,3.0,True,Yes,570.67
STU0382,25.0,Female,Art & Design,4.0,3.27,9.5,66.4,7.7,4.0,5.7,0.7,235.0,3.3,6.0,0.0,7.1,4.0,True,No,467.55
STU0412,19.0,Female,Business,2.0,3.04,7.4,71.0,4.8,4.0,8.1,2.0,404.0,3.1,3.0,3.0,9.2,4.0,False,No,903.72
STU0325,25.0,Non-binary,Computer Science,2.0,3.87,10.8,100.0,6.8,4.0,11.3,5.1,204.0,5.9,3.0,,6.2,3.0,True,Yes,754.32
STU0458,23.0,Male,Biology,4.0,2.46,3.3,79.9,6.4,6.0,7.9,2.0,189.0,6.1,,6.0,5.7,1.0,True,No,
STU0490,22.0,Female,Biology,1.0,3.34,7.9,100.0,6.4,0.0,11.3,4.6,233.0,7.9,12.0,10.0,1.0,2.0,False,No,875.25
STU0295,22.0,man,Economics,4.0,3.0,7.6,72.2,7.6,3.0,7.3,1.2,285.0,7.4,9.0,,2.8,1.0,False,,496.15
STU0400,20.0,Male,Psychology,3.0,3.27,9.3,94.2,6.9,2.0,8.7,1.2,90.0,3.9,4.0,5.0,6.6,2.0,True,,847.81
STU0371,20.0,Non-binary,Computer Science,2.0,,6.4,65.6,6.5,6.0,7.9,2.5,241.0,9.7,11.0,12.0,1.7,0.0,False,No,669.03
STU0332,20.0,man,Biology,4.0,,10.2,92.0,6.8,6.0,3.2,1.7,132.0,3.6,5.0,,6.5,0.0,True,No,723.6
STU0113,22.0,male,Psychology,4.0,3.2,6.5,85.3,8.0,7.0,14.0,4.8,225.0,4.5,4.0,11.0,6.2,2.0,True,Yes,
STU0180,22.0,Female,Political Science,2.0,3.21,5.7,76.2,7.2,3.0,8.3,2.8,230.0,4.9,9.0,7.0,6.5,4.0,yes,Yes,1136.55
STU0336,24.0,Male,Computer Science,2.0,3.3,7.4,85.2,7.4,4.0,5.3,2.0,252.0,6.0,9.0,6.0,2.8,5.0,True,No,684.35
STU0370,24.0,Female,Mechanical Engineering,4.0,2.74,5.6,90.3,7.4,5.0,8.3,2.0,91.0,7.0,7.0,7.0,5.4,6.0,False,No,609.41
STU0361,24.0,Female,Business,1.0,2.92,5.7,60.9,5.9,0.0,8.1,1.3,216.0,6.3,7.0,,3.3,2.0,True,No,946.39
STU0315,19.0,Female,Political Science,4.0,3.33,5.3,86.4,6.9,3.0,5.5,1.8,92.0,1.0,,1.0,7.9,,true,No,796.92
STU0152,20.0,Female,Business,3.0,2.81,5.8,98.9,7.7,1.0,9.7,4.6,107.0,3.1,2.0,0.0,6.7,1.0,False,No,1101.86
STU0393,20.0,female,Psychology,1.0,2.25,5.0,85.8,7.6,6.0,4.9,1.3,234.0,4.0,5.0,5.0,6.8,2.0,False,No,643.3
STU0234,24.0,Male,Communications,3.0,3.69,9.6,92.7,7.4,1.0,6.5,2.8,214.0,4.6,5.0,5.0,5.2,4.0,False,No,860.43
STU0487,20.0,Male,Psychology,2.0,,5.2,100.0,8.3,7.0,6.8,3.2,220.0,1.4,1.0,0.0,10.0,1.0,False,No,736.12
STU0378,23.0,Female,Computer Science,2.0,2.68,5.4,83.0,,4.0,5.4,2.3,200.0,4.9,3.0,3.0,4.4,4.0,True,Yes,398.29
STU0165,21.0,FEMALE,Biology,3.0,2.7,3.3,126.0,7.5,4.0,8.3,4.0,178.0,4.5,,,4.5,1.0,False,No,524.73
STU0318,200.0,Female,Economics,3.0,3.17,6.1,82.6,7.8,7.0,4.7,2.0,313.0,2.8,3.0,3.0,7.9,3.0,True,No,811.36
STU0137,22.0,Female,Computer Science,1.0,3.35,8.9,91.1,6.4,3.0,7.9,1.8,95.0,5.1,5.0,4.0,5.2,2.0,False,No,1265.24
STU0198,18.0,F,Business,3.0,3.15,8.1,76.9,8.4,3.0,11.7,3.8,309.0,7.3,5.0,7.0,3.2,0.0,False,Yes,657.33
STU0259,19.0,Male,Biology,3.0,2.9,3.4,91.2,7.3,6.0,7.2,2.4,82.0,5.5,,12.0,5.2,1.0,False,,839.04
STU0233,18.0,Female,Biology,3.0,,5.3,88.3,5.4,6.0,7.3,3.2,120.0,5.6,1.0,3.0,7.0,0.0,False,Yes,993.16
STU0116,5.0,Male,Mechanical Engineering,3.0,,6.5,73.0,4.9,1.0,8.3,3.2,171.0,10.0,15.0,13.0,1.0,3.0,True,Yes,942.23
STU0121,21.0,Female,Biology,3.0,2.81,8.4,50.0,5.8,0.0,9.8,4.3,,8.0,10.0,6.0,5.1,6.0,True,Yes,
STU0381,18.0,Female,Computer Science,3.0,3.4,8.0,94.7,5.8,0.0,11.0,4.6,115.0,6.8,6.0,3.0,4.1,6.0,False,Yes,
STU0225,23.0,Male,Art & Design,3.0,4.0,5.9,81.1,5.8,,8.7,2.8,187.0,6.0,3.0,10.0,4.5,6.0,True,No,1007.45
STU0439,18.0,Female,Art & Design,2.0,3.99,7.8,93.6,,0.0,7.8,2.0,163.0,6.6,6.0,9.0,5.8,1.0,True,Yes,
STU0368,20.0,M,Economics,1.0,4.0,8.0,73.5,5.9,7.0,6.5,3.0,308.0,6.0,6.0,4.0,3.4,1.0,True,No,882.8
STU0128,24.0,Non-binary,Computer Science,1.0,3.4,9.7,82.3,5.2,4.0,8.0,3.6,138.0,7.6,7.0,5.0,2.9,0.0,False,No,900.21
STU0042,24.0,man,Political Science,4.0,3.43,11.6,81.3,7.6,3.0,10.4,3.2,226.0,1.0,3.0,0.0,10.0,0.0,False,,623.2
STU0286,25.0,Male,Communications,4.0,2.38,4.1,69.8,7.2,0.0,8.0,2.9,119.0,5.1,4.0,8.0,5.7,0.0,False,No,789.83
STU0472,24.0,Male,Computer Science,3.0,2.31,2.7,65.7,5.8,1.0,9.1,4.8,197.0,7.8,13.0,8.0,2.9,6.0,True,Yes,584.83
STU0448,25.0,Female,Biology,2.0,,5.7,86.0,,3.0,8.4,3.0,116.0,4.3,5.0,,5.8,1.0,True,Yes,782.97
STU0108,23.0,Female,Computer Science,1.0,2.87,6.9,66.7,6.9,1.0,8.5,3.9,68.0,6.7,8.0,6.0,2.8,6.0,False,No,805.48
STU0404,25.0,Male,Psychology,3.0,,8.0,100.0,,5.0,6.0,2.0,123.0,5.5,8.0,6.0,4.8,,False,Yes,607.37
STU0356,25.0,Female,Business,2.0,3.15,5.4,94.8,7.7,3.0,8.6,3.4,95.0,5.6,6.0,6.0,4.7,2.0,1,Yes,877.17
STU0134,22.0,Female,Communications,1.0,2.87,6.4,90.7,8.5,7.0,6.0,3.7,262.0,5.2,5.0,5.0,7.7,3.0,False,No,1127.24
STU0397,18.0,Female,Biology,1.0,2.56,4.4,81.3,7.6,4.0,9.0,3.0,334.0,5.9,,7.0,5.6,3.0,False,Yes,557.92
STU0045,18.0,Female,Economics,4.0,2.97,7.9,71.3,6.5,1.0,6.1,2.4,307.0,2.5,2.0,2.0,7.0,1.0,False,Yes,973.0
STU0503,25.0,Male,Biology,1.0,4.0,8.1,74.0,6.6,0.0,6.7,2.3,250.0,4.4,2.0,4.0,5.2,6.0,True,Yes,908.18
STU0066,20.0,Female,Mechanical Engineering,2.0,2.81,8.7,85.7,7.3,3.0,6.5,2.6,116.0,2.6,5.0,6.0,8.8,3.0,False,Yes,403.33
STU0284,21.0,Prefer not to say,Art & Design,1.0,2.8,8.2,100.0,7.2,,5.7,0.9,,4.8,3.0,4.0,6.4,4.0,False,Yes,649.32
STU0086,23.0,Female,Mechanical Engineering,1.0,3.43,7.1,75.3,6.8,7.0,5.8,3.7,159.0,5.8,6.0,11.0,5.2,6.0,True,No,774.2
STU0243,18.0,Non-binary,Communications,2.0,2.77,3.9,76.3,7.0,5.0,7.7,1.3,34.0,5.8,6.0,8.0,4.3,1.0,True,No,831.57
STU0187,19.0,Prefer not to say,Communications,4.0,2.78,5.0,90.3,6.8,0.0,7.0,4.3,252.0,6.0,,,4.7,5.0,False,Yes,496.99
STU0419,20.0,Male,Business,3.0,3.12,5.2,92.4,7.7,0.0,6.1,2.1,169.0,low,,4.0,4.1,6.0,True,Yes,634.59
STU0160,24.0,Non-binary,Computer Science,2.0,2.42,5.0,83.4,8.5,7.0,7.1,3.1,244.0,4.2,5.0,7.0,6.7,4.0,True,No,694.24
STU0013,23.0,Male,Business,3.0,2.3,5.5,100.0,7.0,5.0,5.5,2.8,,3.7,4.0,2.0,7.9,5.0,False,,990.35
STU0036,18.0,Non-binary,Mechanical Engineering,4.0,2.12,3.8,80.1,6.5,2.0,3.8,2.2,201.0,5.4,5.0,6.0,6.2,1.0,True,Yes,1112.73
STU0029,22.0,Female,Biology,1.0,2.9,6.5,90.8,5.7,2.0,5.5,1.3,,4.1,6.0,,9.0,4.0,False,No,1346.24
STU0171,18.0,Non-binary,Political Science,4.0,2.2,4.1,76.6,8.8,1.0,10.3,3.6,243.0,3.8,6.0,0.0,7.5,5.0,True,No,1391.29
STU0143,20.0,Female,Art & Design,1.0,3.61,8.2,83.4,6.5,6.0,8.5,2.6,211.0,very high,6.0,6.0,2.6,3.0,False,No,585.49
STU0435,21.0,Non-binary,Business,4.0,2.88,4.6,84.2,7.7,2.0,8.6,2.7,130.0,5.3,4.0,4.0,4.9,4.0,True,No,881.77
STU0097,19.0,Female,Business,2.0,,7.4,100.0,8.5,0.0,7.5,2.3,472.0,3.3,6.0,6.0,8.7,5.0,False,No,592.54
STU0222,21.0,Male,Biology,2.0,3.25,7.2,83.7,6.5,2.0,5.1,1.6,208.0,7.0,8.0,9.0,2.3,,False,Yes,1658.37
STU0096,20.0,Female,Mechanical Engineering,1.0,3.54,4.7,76.2,4.9,2.0,7.0,3.6,193.0,7.2,5.0,5.0,5.9,6.0,True,Yes,967.57
STU0052,19.0,Male,Political Science,4.0,3.53,7.4,88.1,6.8,1.0,4.8,1.8,137.0,5.4,6.0,,4.9,5.0,True,No,679.29
STU0241,19.0,Female,Mechanical Engineering,4.0,3.18,8.6,68.3,4.5,5.0,7.1,1.3,324.0,9.7,9.0,14.0,1.6,0.0,False,Yes,566.39
STU0406,22.0,Female,Economics,4.0,4.0,9.8,128.0,4.9,3.0,9.4,1.8,,2.8,2.0,2.0,8.1,1.0,True,No,605.26
STU0352,18.0,Female,Biology,1.0,4.0,11.0,71.5,5.3,6.0,7.4,2.8,0.0,3.3,5.0,1.0,9.1,6.0,False,Yes,912.8
STU0517,25.0,Female,Computer Science,3.0,3.67,7.4,81.6,5.9,0.0,6.4,3.8,209.0,6.8,6.0,2.0,5.5,3.0,True,Yes,710.48
STU0179,25.0,Female,Biology,2.0,2.77,7.2,100.0,8.1,0.0,7.2,2.0,227.0,5.0,4.0,,1.8,6.0,YES,Yes,614.37
STU0042,24.0,Male,Political Science,4.0,3.43,11.6,81.3,7.6,3.0,10.4,3.2,226.0,1.0,3.0,0.0,10.0,0.0,False,Yes,623.2
STU0505,20.0,Non-binary,Mechanical Engineering,3.0,2.11,4.1,91.3,6.6,5.0,6.4,1.7,,8.4,8.0,5.0,4.9,0.0,True,Yes,593.07
STU0423,24.0,Male,Economics,3.0,3.11,7.1,90.9,5.3,0.0,11.1,5.0,39.0,6.5,7.0,5.0,4.5,1.0,true,Yes,965.08
STU0207,24.0,Female,Business,3.0,,6.7,100.0,7.2,0.0,8.7,1.0,6.0,4.4,,,8.2,6.0,True,No,
STU0283,23.0,Female,Psychology,2.0,,3.8,74.1,6.0,0.0,5.3,2.2,82.0,2.1,3.0,1.0,9.4,4.0,False,No,868.69
STU0359,18.0,Male,Computer Science,2.0,3.26,5.9,82.5,5.2,4.0,12.4,3.8,195.0,9.9,5.0,9.0,1.0,2.0,True,Yes,915.97
STU0255,23.0,Male,Biology,1.0,2.86,7.2,71.9,6.1,7.0,3.1,1.5,201.0,2.2,2.0,6.0,8.2,3.0,True,Yes,981.86
STU0449,22.0,Male,Communications,2.0,,3.5,100.0,8.4,7.0,9.1,4.0,206.0,3.8,,4.0,6.6,6.0,True,Yes,524.16
STU0005,21.0,Non-binary,Communications,4.0,3.83,7.7,92.1,4.8,6.0,5.9,2.4,240.0,5.2,5.0,2.0,6.4,0.0,1,No,1206.99
STU0257,23.0,Male,Business,4.0,2.85,6.3,84.5,8.4,0.0,8.4,3.2,37.0,4.1,8.0,8.0,7.6,5.0,False,Yes,1203.05
STU0489,24.0,female,Biology,4.0,3.0,8.3,93.7,6.5,1.0,9.9,2.7,213.0,4.3,6.0,1.0,6.5,3.0,True,Yes,1008.6
STU0101,24.0,Non-binary,Business,2.0,2.19,3.5,100.0,7.4,,7.6,2.5,171.0,6.4,6.0,7.0,4.7,1.0,False,Yes,998.79
STU0227,24.0,Female,Mechanical Engineering,2.0,2.77,9.0,80.6,6.9,3.0,7.8,1.3,179.0,6.9,10.0,4.0,6.3,5.0,False,Yes,618.71
STU0500,21.0,Female,Political Science,3.0,3.16,8.6,95.0,8.5,4.0,6.6,2.4,,6.8,,6.0,2.6,5.0,True,Yes,723.94
STU0214,21.0,Male,Psychology,3.0,2.7,7.5,71.9,5.9,4.0,7.7,1.6,151.0,5.5,,8.0,3.8,5.0,True,No,1003.42
STU0166,24.0,Female,Psychology,3.0,2.46,3.8,80.9,6.5,3.0,6.7,1.5,277.0,2.0,2.0,4.0,9.0,6.0,False,Yes,852.49
STU0172,18.0,Female,Psychology,1.0,2.72,5.5,84.5,6.6,2.0,2.4,1.4,43.0,3.2,7.0,2.0,10.0,3.0,True,No,585.45
STU0099,23.0,Female,Political Science,3.0,2.5,6.3,55.2,6.9,1.0,9.7,3.7,209.0,5.4,,7.0,4.0,,True,No,
STU0293,25.0,Male,Biology,4.0,3.08,9.0,83.6,5.7,4.0,6.1,2.3,246.0,7.6,8.0,5.0,4.0,6.0,True,No,1049.34
STU0216,20.0,Male,Biology,1.0,3.3,6.3,80.8,5.9,3.0,6.6,3.2,360.0,7.6,10.0,4.0,5.0,6.0,False,No,1044.21
STU0062,23.0,Female,Economics,2.0,3.21,7.3,66.1,5.7,0.0,8.7,3.3,247.0,6.1,8.0,12.0,3.6,4.0,True,Yes,457.16
STU0048,25.0,Female,Psychology,2.0,,4.9,72.6,,1.0,10.2,4.4,75.0,3.8,2.0,0.0,6.8,4.0,True,No,742.45
STU0033,18.0,Non-binary,Communications,2.0,3.1,9.1,74.6,6.5,,8.1,3.4,175.0,6.3,7.0,3.0,6.4,2.0,no,No,1073.01
STU0268,20.0,Prefer not to say,Nursing,1.0,4.0,10.5,84.8,5.1,3.0,7.2,3.8,266.0,8.6,10.0,9.0,2.7,3.0,True,No,937.38
STU0328,18.0,Male,Business,1.0,2.74,8.5,79.3,,4.0,9.1,1.1,,8.2,7.0,5.0,5.1,5.0,no,Yes,740.81
STU0201,20.0,Female,Communications,3.0,,10.9,75.2,5.2,5.0,8.2,1.5,129.0,6.4,7.0,8.0,3.5,3.0,True,Yes,
STU0486,19.0,Female,Economics,4.0,1.91,7.0,88.6,8.0,0.0,9.2,3.8,0.0,8.0,8.0,11.0,1.3,3.0,1,No,776.8
STU0028,24.0,Male,Psychology,3.0,2.95,8.3,89.0,7.1,3.0,7.9,2.8,305.0,4.4,4.0,7.0,5.5,0.0,True,No,734.21
STU0425,21.0,Female,Computer Science,2.0,2.69,4.5,68.2,4.7,5.0,7.5,2.7,281.0,8.2,12.0,6.0,3.7,4.0,True,Yes,1370.29
STU0231,21.0,Female,Art & Design,2.0,3.66,8.9,118.0,8.8,5.0,3.4,0.0,290.0,2.6,3.0,0.0,8.9,0.0,True,Yes,447.05
STU0261,24.0,Female,Computer Science,4.0,3.47,7.0,71.7,9.8,3.0,4.4,2.1,250.0,4.3,6.0,4.0,4.7,0.0,false,,1041.09
STU0379,21.0,Female,Biology,4.0,2.56,6.6,67.8,6.9,2.0,8.4,2.1,,medium,6.0,8.0,7.4,6.0,False,No,792.75
STU0289,22.0,Female,Computer Science,2.0,3.29,30.0,94.6,8.1,3.0,5.5,2.2,209.0,2.7,2.0,3.0,9.0,5.0,False,No,717.21
STU0163,21.0,Male,Psychology,1.0,2.52,4.9,80.5,8.1,5.0,8.3,3.6,224.0,low,,4.0,5.1,4.0,True,No,713.97
STU0392,19.0,Female,Nursing,4.0,4.0,5.9,87.8,7.1,4.0,9.7,4.5,213.0,5.7,5.0,1.0,4.9,2.0,yes,Yes,
STU0462,19.0,male,Business,1.0,3.08,7.8,93.5,4.8,4.0,10.8,4.3,118.0,7.4,7.0,6.0,2.9,6.0,True,Yes,557.84
STU0139,20.0,Female,Business,4.0,1.64,4.4,51.8,7.5,2.0,6.2,0.7,263.0,3.4,6.0,,9.6,1.0,True,Yes,630.68
STU0063,20.0,Male,Political Science,3.0,2.97,7.1,75.6,6.5,5.0,7.6,2.9,131.0,7.3,10.0,7.0,3.4,1.0,False,No,548.25
STU0136,20.0,Female,Communications,4.0,2.71,3.9,68.0,4.9,0.0,7.4,3.0,214.0,5.5,11.0,7.0,5.6,5.0,False,Yes,776.74
STU0129,22.0,Male,Psychology,3.0,3.03,6.1,78.5,5.1,2.0,7.3,1.6,140.0,4.8,3.0,,4.2,5.0,False,No,877.75
STU0519,21.0,Female,Nursing,2.0,2.89,5.7,77.2,6.4,7.0,6.1,2.1,122.0,8.9,11.0,5.0,1.0,6.0,True,No,1106.54
STU0009,19.0,Male,Economics,1.0,2.61,5.3,69.6,7.7,0.0,6.1,1.7,124.0,4.4,3.0,0.0,9.4,3.0,False,,490.76
STU0327,19.0,Male,Computer Science,2.0,2.24,4.3,100.0,7.3,3.0,6.7,2.4,101.0,high,,7.0,4.7,0.0,False,Yes,593.29
STU0507,22.0,Male,Business,1.0,3.11,8.3,78.2,6.7,7.0,1.9,1.1,5.0,2.2,2.0,0.0,10.0,4.0,True,No,806.22
STU0065,21.0,Female,Computer Science,2.0,2.65,8.4,86.8,6.2,,5.4,1.8,228.0,5.4,6.0,1.0,4.3,3.0,False,No,1119.04
STU0301,20.0,Male,Psychology,4.0,2.46,4.5,91.0,5.3,1.0,10.4,4.3,162.0,7.4,10.0,2.0,3.1,1.0,True,Yes,384.43
STU0015,23.0,FEMALE,Computer Science,1.0,3.61,8.2,100.0,5.7,6.0,9.0,3.1,99.0,5.8,6.0,7.0,3.5,0.0,True,No,561.61
STU0157,19.0,Male,Communications,1.0,,5.9,81.4,5.7,5.0,5.9,0.7,192.0,6.7,8.0,4.0,5.3,,False,No,656.68
STU0041,19.0,Female,Computer Science,1.0,2.87,6.6,100.0,6.1,3.0,6.7,0.0,190.0,7.7,8.0,9.0,4.1,4.0,True,No,432.89
STU0380,20.0,Female,Nursing,2.0,3.21,6.7,80.6,5.9,0.0,6.9,2.7,177.0,6.6,5.0,,4.4,3.0,True,No,457.87
STU0501,18.0,FEMALE,Business,3.0,1.57,5.1,92.4,7.1,7.0,7.7,1.8,215.0,6.8,7.0,,3.8,1.0,True,No,899.6
STU0440,21.0,M,Computer Science,3.0,2.67,6.1,77.6,8.1,,5.9,3.3,91.0,3.8,3.0,5.0,10.0,2.0,True,Yes,498.46
STU0217,18.0,M,Art & Design,1.0,3.37,9.9,88.9,5.4,5.0,9.6,4.3,130.0,7.0,7.0,,4.3,2.0,False,Yes,844.21
STU0410,18.0,Male,Art & Design,2.0,2.23,5.6,85.1,10.2,1.0,4.0,0.3,59.0,1.0,4.0,0.0,10.0,4.0,True,,751.76
STU0280,18.0,woman,Nursing,4.0,3.28,7.1,100.0,,7.0,10.7,3.6,386.0,10.0,14.0,5.0,1.0,6.0,False,No,811.58
STU0474,21.0,Male,Art & Design,4.0,3.07,8.1,77.1,,5.0,10.1,3.4,28.0,5.8,6.0,6.0,4.7,4.0,True,,661.22
STU0470,25.0,woman,Mechanical Engineering,4.0,3.35,6.5,73.1,8.0,5.0,9.0,2.1,223.0,7.9,5.0,7.0,4.1,0.0,False,No,1312.77
STU0338,20.0,FEMALE,Economics,4.0,3.56,7.6,87.0,7.5,6.0,7.5,1.5,117.0,2.5,4.0,4.0,8.9,4.0,False,No,450.02
STU0237,23.0,MALE,Art & Design,3.0,3.99,9.3,70.8,7.7,1.0,5.7,1.1,67.0,4.0,,9.0,6.4,6.0,True,No,1438.04
STU0208,-3.0,Non-binary,Computer Science,2.0,3.12,8.4,86.8,6.6,5.0,6.4,1.2,175.0,5.0,3.0,3.0,6.2,3.0,False,No,851.61
STU0213,24.0,M,Economics,3.0,2.72,6.7,65.7,8.1,1.0,4.5,0.0,353.0,3.3,,2.0,8.5,4.0,no,Yes,663.98
STU0296,22.0,Male,Business,3.0,,5.3,84.8,7.7,1.0,10.0,4.6,116.0,7.1,7.0,,6.1,1.0,YES,No,721.43
STU0498,20.0,Non-binary,Computer Science,2.0,3.42,6.3,79.9,6.6,2.0,10.1,4.9,104.0,3.1,1.0,5.0,10.0,4.0,YES,No,1087.23
STU0252,21.0,Female,Nursing,2.0,3.38,6.9,85.1,5.6,5.0,8.2,3.1,246.0,10.0,11.0,14.0,1.0,1.0,True,Yes,806.97
STU0366,22.0,Male,Business,4.0,3.05,5.3,70.2,,6.0,8.5,4.1,144.0,4.4,,0.0,4.6,4.0,True,Yes,1089.63
STU0499,25.0,Male,Mechanical Engineering,3.0,3.55,6.9,83.7,5.9,7.0,5.2,2.1,37.0,5.8,9.0,3.0,6.2,2.0,True,No,830.26
STU0304,25.0,Female,Economics,4.0,2.02,2.1,72.1,7.1,4.0,6.0,2.6,87.0,4.3,5.0,3.0,9.0,0.0,False,No,645.83
STU0351,22.0,Female,Communications,1.0,3.2,6.8,86.1,7.1,,8.3,3.5,136.0,4.9,,8.0,7.7,5.0,0,Yes,1345.32
STU0270,22.0,male,Psychology,2.0,2.41,7.3,76.4,6.9,2.0,4.9,1.3,71.0,5.1,,0.0,3.2,6.0,True,,1112.24
STU0202,25.0,Male,Economics,4.0,2.15,5.0,74.4,7.9,1.0,7.6,0.7,207.0,8.0,6.0,5.0,5.0,1.0,True,No,744.96
STU0162,23.0,Male,Economics,2.0,3.08,8.3,72.6,8.0,5.0,5.3,0.0,87.0,3.9,3.0,7.0,6.9,1.0,False,No,1069.1
STU0044,20.0,Female,Art & Design,3.0,3.34,8.9,77.9,5.6,1.0,5.8,2.2,231.0,9.0,,10.0,2.7,1.0,True,No,200.0
STU0218,18.0,female,Computer Science,4.0,3.22,7.4,67.2,8.0,6.0,8.4,3.6,343.0,8.7,9.0,7.0,4.2,3.0,False,Yes,728.23
STU0402,24.0,F,Computer Science,4.0,3.34,8.1,66.2,6.2,0.0,7.2,3.3,166.0,4.5,8.0,7.0,3.7,1.0,True,No,
STU0191,23.0,Male,Psychology,1.0,3.34,7.1,76.4,8.7,4.0,6.6,1.8,197.0,5.4,5.0,2.0,5.9,4.0,False,Yes,
STU0310,18.0,Female,Biology,2.0,3.61,9.6,84.9,6.5,2.0,10.2,2.6,261.0,3.9,9.0,4.0,6.8,0.0,False,Yes,630.23
STU0260,22.0,Female,Computer Science,4.0,3.16,7.6,97.2,6.3,3.0,9.0,4.3,225.0,7.2,11.0,10.0,3.6,6.0,NO,No,591.31
STU0106,24.0,Male,Business,2.0,3.46,6.9,73.3,9.2,2.0,10.3,3.6,67.0,4.9,2.0,5.0,8.1,0.0,True,No,1009.24
STU0054,21.0,Male,Art & Design,2.0,2.66,8.3,82.8,4.9,4.0,4.8,1.1,73.0,10.0,,13.0,1.1,3.0,false,No,782.25
STU0390,19.0,Male,Computer Science,2.0,3.4,5.2,87.1,6.7,3.0,6.5,3.2,71.0,7.6,9.0,8.0,5.5,1.0,False,Yes,797.7
STU0002,24.0,Female,Mechanical Engineering,3.0,2.43,9.5,64.5,6.5,1.0,8.6,1.5,173.0,7.1,,,5.5,1.0,False,No,
STU0481,20.0,Male,Computer Science,1.0,,9.8,89.4,5.9,5.0,9.2,3.0,0.0,6.3,7.0,4.0,3.9,5.0,True,Yes,
STU0360,23.0,MALE,Art & Design,1.0,2.7,6.1,127.0,8.3,1.0,5.9,2.9,218.0,1.0,,2.0,10.0,5.0,False,Yes,676.56
STU0050,24.0,Male,Psychology,1.0,2.66,7.3,69.0,6.7,7.0,8.4,1.8,160.0,6.0,6.0,10.0,6.7,1.0,True,Yes,719.61
STU0420,22.0,Male,Nursing,4.0,3.19,6.8,76.2,6.5,0.0,10.4,4.6,198.0,6.5,6.0,4.0,1.7,0.0,False,Yes,708.91
STU0081,25.0,Male,Nursing,2.0,2.75,2.6,67.5,6.9,3.0,9.5,3.8,258.0,7.6,9.0,9.0,2.1,4.0,True,Yes,893.79
STU0206,20.0,Female,Mechanical Engineering,2.0,3.19,7.9,67.3,7.0,2.0,7.4,1.9,258.0,7.5,8.0,4.0,1.0,5.0,False,No,297.39
STU0035,25.0,Female,Computer Science,4.0,3.58,9.2,93.7,6.9,7.0,10.3,6.1,83.0,5.5,6.0,7.0,6.3,2.0,False,Yes,957.12
STU0431,18.0,Male,Nursing,4.0,2.95,6.1,86.0,8.2,5.0,9.6,2.3,215.0,5.8,6.0,1.0,4.0,2.0,True,Yes,762.79
STU0264,25.0,FEMALE,Art & Design,4.0,2.6,8.1,66.9,4.7,4.0,11.0,3.0,263.0,7.3,9.0,,1.0,3.0,False,No,
STU0428,24.0,Non-binary,Biology,4.0,,4.4,85.1,7.2,,8.1,2.4,137.0,3.7,4.0,2.0,6.7,6.0,False,No,1017.84
STU0455,22.0,Female,Psychology,2.0,3.24,8.3,72.2,6.2,,8.5,3.7,172.0,5.2,,5.0,4.7,3.0,True,No,839.34
STU0444,21.0,Female,Art & Design,4.0,2.78,10.0,71.5,6.7,3.0,8.2,2.6,215.0,4.2,2.0,4.0,5.9,3.0,True,No,590.43
STU0367,21.0,Female,Nursing,4.0,2.93,5.5,64.0,5.7,4.0,8.0,2.5,187.0,6.8,9.0,8.0,4.2,6.0,False,Yes,634.33
STU0092,24.0,Male,Computer Science,4.0,3.0,4.3,95.7,7.3,3.0,3.5,0.3,117.0,5.6,11.0,8.0,3.7,1.0,False,No,644.61
STU0340,25.0,Female,Mechanical Engineering,3.0,,9.0,74.7,5.2,2.0,7.5,3.0,,7.6,4.0,10.0,4.2,4.0,True,No,1184.11
STU0516,18.0,Female,Business,2.0,3.32,6.3,82.2,7.5,4.0,8.3,3.0,171.0,2.6,3.0,,8.1,1.0,True,Yes,691.78
STU0053,20.0,Male,Business,2.0,3.88,7.2,100.0,6.2,7.0,8.6,2.4,96.0,5.7,5.0,4.0,7.2,4.0,False,No,665.58
STU0346,20.0,Female,Political Science,2.0,3.38,8.3,81.4,6.0,2.0,12.4,3.7,212.0,5.5,9.0,0.0,5.2,6.0,True,No,895.22
STU0265,25.0,Male,Computer Science,3.0,3.25,9.4,94.6,8.5,0.0,9.3,2.4,,3.3,4.0,7.0,6.1,6.0,False,No,429.3
STU0242,22.0,Female,Nursing,1.0,3.09,5.6,76.7,7.2,2.0,5.2,2.0,52.0,5.9,7.0,11.0,5.7,4.0,True,Yes,840.31
STU0014,24.0,woman,Computer Science,1.0,3.25,9.1,62.0,7.4,7.0,8.2,2.9,196.0,4.7,5.0,0.0,2.8,6.0,False,No,1158.31
STU0316,23.0,Female,Business,1.0,3.2,4.6,90.0,8.5,2.0,9.0,5.0,224.0,5.3,8.0,,8.1,3.0,False,Yes,
STU0089,24.0,Female,Computer Science,4.0,3.61,7.0,75.6,5.6,7.0,3.4,1.5,114.0,6.2,9.0,1.0,3.4,4.0,True,No,519.87
STU0388,24.0,Female,Political Science,2.0,3.75,9.5,78.3,7.9,6.0,3.2,0.6,,1.5,0.0,1.0,10.0,5.0,True,No,599.59
STU0274,25.0,F,Computer Science,4.0,3.15,4.3,83.8,7.7,5.0,6.1,2.3,176.0,1.1,,0.0,9.8,0.0,True,Yes,614.24
STU0167,20.0,Male,Nursing,2.0,3.15,5.0,100.0,,,9.0,3.5,248.0,7.4,10.0,4.0,4.5,0.0,true,Yes,384.14
STU0329,19.0,Male,Communications,1.0,,7.9,85.1,7.2,2.0,4.7,2.3,,4.2,5.0,7.0,6.1,1.0,0,,769.98
STU0278,24.0,Male,Psychology,4.0,3.68,10.1,93.2,6.1,4.0,8.7,2.1,189.0,4.5,5.0,,5.3,6.0,True,No,860.5
STU0135,24.0,Male,Communications,1.0,3.32,10.0,96.0,7.9,4.0,7.9,4.0,,4.0,5.0,3.0,6.9,1.0,True,No,1158.34
STU0307,20.0,Female,Nursing,4.0,3.29,9.3,84.2,8.8,4.0,10.0,3.7,13.0,medium,6.0,9.0,10.0,6.0,False,No,1067.32
STU0485,21.0,Female,Political Science,1.0,3.38,5.9,83.8,6.4,1.0,9.0,4.8,179.0,8.3,13.0,5.0,1.6,6.0,True,Yes,1255.63
STU0234,24.0,Male,Communications,3.0,3.69,9.6,92.7,7.4,1.0,6.5,2.8,214.0,4.6,5.0,5.0,5.2,4.0,False,No,860.43
STU0320,24.0,M,Psychology,1.0,3.15,4.2,75.7,,0.0,4.5,2.4,263.0,2.9,4.0,4.0,8.8,,YES,Yes,
STU0244,23.0,female,Political Science,1.0,3.39,8.3,73.9,7.5,5.0,4.6,0.4,,3.5,7.0,,6.6,1.0,True,No,801.06
STU0055,21.0,Male,Nursing,4.0,2.99,7.8,88.9,6.2,5.0,7.0,1.8,31.0,7.0,11.0,5.0,1.7,4.0,False,No,779.22
STU0364,25.0,woman,Economics,1.0,3.26,6.9,89.5,5.5,3.0,9.3,2.6,,6.9,7.0,6.0,3.5,4.0,True,Yes,
STU0051,24.0,Female,Art & Design,3.0,3.44,6.0,66.9,7.3,4.0,4.8,3.3,203.0,4.1,7.0,6.0,5.5,1.0,True,,726.86
STU0497,18.0,Male,Psychology,3.0,2.55,5.7,89.8,9.4,7.0,5.4,2.4,44.0,3.8,6.0,,6.9,3.0,True,No,792.24
STU0175,23.0,Male,Communications,2.0,4.0,8.5,98.6,5.6,1.0,6.7,1.9,182.0,7.7,7.0,6.0,7.5,6.0,False,Yes,772.67
STU0446,23.0,female,Mechanical Engineering,3.0,3.15,5.7,83.3,7.3,4.0,10.7,3.8,209.0,8.9,9.0,11.0,1.0,1.0,True,Yes,1133.55
STU0190,20.0,Female,Psychology,2.0,2.73,6.1,78.8,5.7,3.0,7.1,1.1,282.0,7.5,8.0,2.0,1.6,0.0,false,Yes,1172.16
STU0186,21.0,FEMALE,Biology,1.0,3.18,9.8,97.0,5.9,3.0,8.4,0.6,85.0,5.4,6.0,2.0,3.6,,True,Yes,1150.51
STU0464,21.0,Non-binary,Computer Science,1.0,2.65,7.2,72.8,22.0,7.0,8.4,2.9,311.0,3.7,2.0,2.0,8.4,4.0,False,No,846.43
STU0188,21.0,Female,Psychology,2.0,2.96,7.0,100.0,6.4,6.0,6.2,2.0,260.0,4.8,7.0,1.0,5.1,2.0,False,No,1373.37
STU0476,24.0,F,Economics,2.0,2.58,7.4,79.4,7.1,3.0,8.4,2.1,291.0,4.4,4.0,6.0,6.0,,False,Yes,1306.43
STU0170,18.0,Female,Business,1.0,2.91,5.5,66.1,7.0,4.0,5.6,1.5,203.0,2.2,1.0,2.0,8.8,1.0,True,Yes,
STU0059,23.0,Male,Biology,3.0,3.31,7.5,59.3,5.5,5.0,7.3,2.4,145.0,low,12.0,12.0,2.7,2.0,False,No,705.78
STU0475,23.0,Male,Computer Science,3.0,3.68,9.1,69.7,7.3,2.0,6.9,2.5,136.0,7.2,6.0,7.0,3.9,1.0,True,No,544.69
STU0049,23.0,Male,Mechanical Engineering,2.0,,7.2,100.0,6.0,5.0,9.6,2.4,126.0,8.7,7.0,13.0,1.2,3.0,True,No,581.47
STU0345,25.0,Prefer not to say,Biology,1.0,3.49,6.7,73.6,6.9,7.0,8.7,2.6,251.0,4.0,1.0,,7.0,6.0,True,Yes,784.89
STU0236,23.0,Female,Psychology,2.0,2.47,7.5,94.0,,4.0,8.2,3.0,283.0,4.3,8.0,7.0,7.4,2.0,False,Yes,497.16
STU0253,19.0,male,Biology,2.0,1.8,7.6,87.2,7.0,4.0,6.8,1.7,61.0,8.7,12.0,7.0,2.5,0.0,True,No,532.7
STU0022,20.0,Male,Business,2.0,2.94,6.2,88.7,6.1,7.0,6.0,3.1,172.0,4.5,,,5.8,4.0,False,No,666.2
STU0314,20.0,Female,Psychology,2.0,2.79,7.6,73.3,8.4,4.0,6.1,1.4,167.0,4.7,,7.0,5.4,0.0,False,No,891.06
STU0460,18.0,Non-binary,Computer Science,4.0,2.64,7.7,59.0,,4.0,8.4,5.0,222.0,7.2,5.0,12.0,2.6,2.0,True,Yes,610.4
STU0161,25.0,Female,Psychology,3.0,3.9,8.5,85.8,6.7,3.0,5.0,0.0,92.0,2.6,4.0,2.0,6.5,4.0,True,No,782.86
STU0277,21.0,woman,Mechanical Engineering,3.0,2.49,6.7,74.0,5.9,3.0,6.9,3.2,,7.6,10.0,4.0,1.0,3.0,False,No,692.72
STU0192,23.0,Female,Computer Science,4.0,3.22,7.3,58.3,,6.0,9.7,2.7,198.0,8.4,7.0,12.0,2.4,6.0,True,No,724.07
STU0386,18.0,Female,Mechanical Engineering,1.0,2.84,8.3,75.1,6.9,5.0,4.8,1.2,76.0,6.1,,9.0,3.9,5.0,True,No,470.4
STU0414,19.0,F,Communications,4.0,4.0,9.0,89.4,5.9,3.0,7.6,0.9,,3.9,5.0,,5.9,1.0,True,No,491.74
STU0492,24.0,Male,Business,2.0,,7.4,87.8,7.8,5.0,7.6,1.2,12.0,3.5,1.0,5.0,7.8,6.0,True,Yes,749.29
STU0344,22.0,Female,Psychology,1.0,3.21,8.1,64.5,6.0,6.0,8.3,0.2,131.0,5.8,10.0,,5.9,1.0,False,No,802.63
STU0309,20.0,Male,Biology,2.0,3.18,7.3,88.6,6.0,3.0,8.2,3.6,236.0,4.9,6.0,2.0,4.1,3.0,no,Yes,868.75
STU0131,22.0,Female,Nursing,4.0,2.52,7.5,84.7,9.3,7.0,7.6,2.8,43.0,4.3,2.0,9.0,5.9,0.0,True,Yes,693.91
STU0100,19.0,Female,Political Science,2.0,2.57,4.6,86.3,5.3,0.0,6.8,2.1,101.0,5.9,5.0,4.0,6.8,6.0,True,No,
STU0373,21.0,Male,Computer Science,3.0,3.57,7.3,73.3,7.5,0.0,8.4,2.2,107.0,4.0,5.0,3.0,8.3,2.0,False,Yes,638.2
STU0088,20.0,Male,Economics,2.0,3.81,5.9,94.3,,7.0,4.2,1.1,210.0,3.0,7.0,4.0,7.7,6.0,NO,,
STU0459,24.0,Female,Psychology,4.0,3.89,8.5,77.5,7.7,1.0,8.8,1.6,201.0,6.8,,2.0,4.6,1.0,False,No,611.64
STU0331,22.0,Non-binary,Psychology,2.0,2.84,6.2,86.5,4.9,4.0,8.2,2.2,240.0,6.7,10.0,6.0,4.9,,False,Yes,946.84
STU0215,23.0,M,Mechanical Engineering,4.0,2.42,35.0,85.3,7.5,3.0,5.6,1.9,206.0,medium,6.0,,4.6,1.0,True,No,380.28
STU0467,19.0,Male,Art & Design,4.0,2.7,3.7,91.2,,5.0,5.7,3.1,170.0,3.4,3.0,4.0,6.7,1.0,True,No,428.71
STU0122,23.0,Non-binary,Psychology,2.0,2.32,4.4,60.8,7.1,3.0,8.9,3.4,280.0,high,8.0,5.0,5.5,3.0,True,Yes,911.95
STU0021,22.0,Male,Nursing,2.0,2.94,7.1,80.7,3.6,1.0,9.5,2.4,245.0,10.0,10.0,,1.0,6.0,True,Yes,
STU0072,19.0,male,Psychology,4.0,3.12,8.6,88.1,7.7,3.0,7.7,2.2,2.0,6.2,8.0,5.0,3.9,6.0,True,No,838.12
STU0107,24.0,Female,Business,4.0,3.81,9.6,84.7,6.9,1.0,9.9,2.7,224.0,5.9,4.0,,7.6,2.0,False,No,594.69
STU0271,20.0,Female,Art & Design,2.0,2.6,4.6,90.9,7.8,2.0,11.4,1.9,265.0,2.8,6.0,7.0,9.6,0.0,yes,No,620.0
STU0436,18.0,Female,Political Science,3.0,3.5,5.8,95.8,6.3,3.0,7.5,3.0,194.0,5.6,6.0,4.0,7.0,1.0,True,No,1285.07
STU0103,24.0,Male,Communications,4.0,-0.5,8.2,100.0,6.9,6.0,8.6,5.3,334.0,5.2,6.0,5.0,5.3,5.0,True,No,873.12
